Region_ID,ID_Path,Region,Abbr,General_Region,R,G,B
1,/997/8/343/1129/1097/467/331/557/1/,"Tuberomammillary nucleus, ventral part",TMv,Hypothalamus__Medial_zone,255,76,62
2,/997/8/567/688/695/315/453/322/345/2/,"Primary somatosensory area, mouth, layer 6b",SSp-m6b,Isocortex__Somatosensory__Mouth,24,128,100
6,/997/1009/983/784/6/,internal capsule,int,Fiber_tracts__lateral_forebrain_bundle_system,204,204,204
7,/997/8/343/1065/771/1132/7/,Principal sensory nucleus of the trigeminal,PSV,Pons__Sensory_related,255,174,111
9,/997/8/567/688/695/315/453/322/361/9/,"Primary somatosensory area, trunk, layer 6a",SSp-tr6a,Isocortex__Somatosensory__Trunk,24,128,99
10,/997/8/343/313/323/294/10/,"Superior colliculus, motor related, intermediate gray layer",SCig,Midbrain__Motor_related,255,144,255
12,/997/8/343/313/348/165/12/,Interfascicular nucleus raphe,IF,Midbrain__Behavioral_state_related,255,166,255
15,/997/8/343/1129/549/856/571/15/,Parataenial nucleus,PT,Thalamus__Polymodal_association_cortex_related,255,144,159
17,/997/8/343/313/323/294/17/,"Superior colliculus, motor related, intermediate white layer",SCiw,Midbrain__Motor_related,255,144,254
19,/997/8/567/688/695/1089/1080/19/,Induseum griseum,IG,Hippocampal,126,208,75
20,/997/8/567/688/695/1089/822/909/918/20/,"Entorhinal area, lateral part, layer 2",ENTl2,Retrohippocampal__Entorhinal__Lateral,50,184,37
22,/997/8/567/688/695/315/22/,Posterior parietal association areas,PTLp,Isocortex__Posterior_parietal_association,0,159,172
23,/997/8/567/623/477/278/23/,Anterior amygdalar area,AAA,Striatum-like__amygdalar_nuclei,128,192,226
26,/997/8/343/313/323/294/26/,"Superior colliculus, motor related, deep gray layer",SCdg,Midbrain__Motor_related,255,143,255
27,/997/8/343/1129/549/856/1014/27/,Intergeniculate leaflet of the lateral geniculate complex,IGL,Thalamus__Polymodal_association_cortex_related,255,144,158
28,/997/8/567/688/695/1089/822/909/918/28/,"Entorhinal area, lateral part, layer 6a",ENTl6a,Retrohippocampal__Entorhinal__Lateral,50,184,36
30,/997/8/343/1129/1097/157/30/,"Periventricular hypothalamic nucleus, anterior part",PVa,Hypothalamus__Periventricular_zone,255,93,80
33,/997/8/567/688/695/315/669/385/33/,"Primary visual area, layer 6a",VISp6a,Isocortex__Visual__Primary,8,133,140
35,/997/8/343/313/323/35/,Oculomotor nucleus,III,Midbrain__Motor_related,254,144,255
36,/997/8/567/688/695/315/1057/36/,"Gustatory areas, layer 1",GU1,Isocortex__Gustatory,0,156,117
38,/997/8/343/1129/1097/157/38/,Paraventricular hypothalamic nucleus,PVH,Hypothalamus__Periventricular_zone,255,93,79
41,/997/8/567/688/695/315/669/533/41/,"Posteromedial visual area, layer 2/3",VISpm2/3,Isocortex__Visual__Posteromedial,8,133,139
42,/997/8/343/313/323/294/42/,"Superior colliculus, motor related, deep white layer",SCdw,Midbrain__Motor_related,255,143,254
50,/997/8/343/313/323/795/50/,Precommissural nucleus,PRC,Midbrain__Motor_related,254,144,254
52,/997/8/567/688/695/1089/822/909/918/52/,"Entorhinal area, lateral part, layer 3",ENTl3,Retrohippocampal__Entorhinal__Lateral,50,183,37
54,/997/1009/991/824/54/,medial forebrain bundle,mfb,Fiber_tracts__medial_forebrain_bundle_system,203,204,203
56,/997/8/567/623/477/493/56/,Nucleus accumbens,ACB,Striatum__Ventral,128,205,248
58,/997/8/343/313/323/58/,Medial terminal nucleus of the accessory optic tract,MT,Midbrain__Motor_related,254,143,255
59,/997/8/343/1129/549/856/444/59/,Intermediodorsal nucleus of the thalamus,IMD,Thalamus__Polymodal_association_cortex_related,254,144,159
62,/997/1009/967/832/62/,medial longitudinal fascicle,mlf,Fiber_tracts__Cranial_nerves,203,203,204
63,/997/8/343/1129/1097/467/63/,"Paraventricular hypothalamic nucleus, descending division",PVHd,Hypothalamus__Medial_zone,255,76,61
64,/997/8/343/1129/549/856/239/64/,Anterodorsal nucleus,AD,Thalamus__Polymodal_association_cortex_related,255,143,158
66,/997/8/343/313/323/66/,Lateral terminal nucleus of the accessory optic tract,LT,Midbrain__Motor_related,254,143,254
67,/997/8/343/313/323/795/67/,Interstitial nucleus of Cajal,INC,Midbrain__Motor_related,255,144,253
68,/997/8/567/688/695/315/184/68/,"Frontal pole, layer 1",FRP1,Isocortex__Frontal_pole,38,143,69
72,/997/8/343/1129/1097/141/72/,Anterodorsal preoptic nucleus,ADP,Hypothalamus__Periventricular_region,255,85,71
74,/997/8/567/688/695/315/669/409/74/,"Lateral visual area, layer 6a",VISl6a,Isocortex__Visual__Lateral,8,132,140
75,/997/8/343/313/323/75/,Dorsal terminal nucleus of the accessory optic tract,DT,Midbrain__Motor_related,255,142,255
78,/997/1009/960/752/78/,middle cerebellar peduncle,mcp,Fiber_tracts__Cerebellum_related,204,204,202
81,/997/73/81/,lateral ventricle,VL,Ventricular,168,170,170
83,/997/8/343/1065/354/370/83/,Inferior olivary complex,IO,Medulla__Motor_related,255,179,216
84,/997/8/567/688/695/315/972/84/,"Prelimbic area, layer 6a",PL6a,Isocortex__Prelimbic,47,168,80
88,/997/8/343/1129/1097/467/88/,Anterior hypothalamic nucleus,AHN,Hypothalamus__Medial_zone,255,75,62
91,/997/8/512/519/91/,Interposed nucleus,IP,Cerebellar_nuclei,255,253,188
93,/997/1009/967/901/93/,motor root of the trigeminal nerve,moV,Fiber_tracts__Cranial_nerves,204,203,202
96,/997/8/343/1065/354/386/607/96/,Dorsal cochlear nucleus,DCO,Medulla__Sensory_related,254,165,209
97,/997/8/567/688/695/315/541/97/,"Temporal association areas, layer 1",TEa1,Isocortex__Temporal_association,21,176,179
98,/997/73/81/98/,subependymal zone,SEZ,Ventricular,170,168,169
100,/997/8/343/313/348/165/100/,Interpeduncular nucleus,IPN,Midbrain__Behavioral_state_related,255,166,254
101,/997/8/343/1065/354/386/607/101/,Ventral cochlear nucleus,VCO,Medulla__Sensory_related,254,164,210
102,/997/1009/1000/760/102/,nigrostriatal tract,nst,Fiber_tracts__Extrapyramidal_fiber_system,204,202,203
105,/997/8/343/1065/771/1132/398/105/,"Superior olivary complex, medial part",SOCm,Pons__Sensory_related,255,173,110
106,/997/8/343/1065/354/370/106/,Inferior salivatory nucleus,ISN,Medulla__Motor_related,255,178,217
108,/997/73/81/108/,choroid plexus,chpl,Ventricular,169,170,168
113,/997/8/567/688/695/315/453/322/337/113/,"Primary somatosensory area, lower limb, layer 2/3",SSp-ll2/3,Isocortex__Somatosensory__Lower_limb,24,127,100
114,/997/8/343/1065/771/1132/398/114/,"Superior olivary complex, lateral part",SOCl,Pons__Sensory_related,254,174,110
115,/997/8/343/313/323/115/,Trochlear nucleus,IV,Midbrain__Motor_related,253,144,255
117,/997/1009/967/848/117/,optic chiasm,och,Fiber_tracts__Cranial_nerves,203,202,204
118,/997/8/343/1129/1097/157/118/,"Periventricular hypothalamic nucleus, intermediate part",PVi,Hypothalamus__Periventricular_zone,253,93,80
120,/997/8/567/688/695/315/95/111/120/,"Agranular insular area, posterior part, layer 1",AIp1,Isocortex__Agranular_insula__Posterior,33,151,101
121,/997/8/567/688/695/315/669/409/121/,"Lateral visual area, layer 6b",VISl6b,Isocortex__Visual__Lateral,9,133,140
122,/997/8/343/1065/771/1132/398/122/,"Superior olivary complex, periolivary region",POR,Pons__Sensory_related,254,173,111
123,/997/8/343/1065/771/1132/867/123/,Koelliker-Fuse subnucleus,KF,Pons__Sensory_related,254,173,110
125,/997/1009/967/848/125/,optic tract,opt,Fiber_tracts__Cranial_nerves,202,204,203
126,/997/8/343/1129/1097/141/126/,"Periventricular hypothalamic nucleus, posterior part",PVp,Hypothalamus__Periventricular_region,255,84,71
128,/997/8/343/313/323/128/,Midbrain reticular nucleus,MRN,Midbrain__Motor_related,255,143,253
129,/997/73/129/,third ventricle,V3,Ventricular,168,169,170
131,/997/8/567/688/703/131/,Lateral amygdalar nucleus,LA,Cortical_subplate__Amygdala,144,235,141
132,/997/8/567/688/695/315/972/132/,"Prelimbic area, layer 6b",PL6b,Isocortex__Prelimbic,47,168,79
133,/997/8/343/1129/1097/141/133/,"Periventricular hypothalamic nucleus, preoptic part",PVpo,Hypothalamus__Periventricular_region,254,85,71
136,/997/8/343/1065/354/370/136/,Intermediate reticular nucleus,IRN,Medulla__Motor_related,255,178,216
139,/997/8/567/688/695/1089/822/909/918/139/,"Entorhinal area, lateral part, layer 5",ENTl5,Retrohippocampal__Entorhinal__Lateral,49,184,36
140,/997/73/140/,cerebral aqueduct,AQ,Ventricular,169,169,168
143,/997/8/343/1065/354/370/135/143/,"Nucleus ambiguus, ventral division",AMBv,Medulla__Motor_related,254,179,216
145,/997/73/145/,fourth ventricle,V4,Ventricular,170,169,167
146,/997/8/343/1065/771/1117/146/,Pontine reticular nucleus,PRNr,Pons__Behavioral_state_related,255,194,149
147,/997/8/343/1065/771/1117/147/,Locus ceruleus,LC,Pons__Behavioral_state_related,253,195,149
148,/997/8/567/688/695/315/1057/148/,"Gustatory areas, layer 4",GU4,Isocortex__Gustatory,0,156,116
149,/997/8/343/1129/549/856/571/149/,Paraventricular nucleus of the thalamus,PVT,Thalamus__Polymodal_association_cortex_related,254,143,158
153,/997/73/145/153/,lateral recess,V4r,Ventricular,169,170,167
155,/997/8/343/1129/549/856/239/155/,Lateral dorsal nucleus of thalamus,LD,Thalamus__Polymodal_association_cortex_related,255,144,157
156,/997/8/567/688/695/315/247/1011/156/,"Dorsal auditory area, layer 6a",AUDd6a,Isocortex__Auditory__Dorsal,1,147,153
158,/997/1009/967/832/158/,posterior commissure,pc,Fiber_tracts__Cranial_nerves,204,202,202
159,/997/8/567/688/695/698/159/,Anterior olfactory nucleus,AON,Olfactory,84,191,148
162,/997/8/343/1065/771/1117/162/,Laterodorsal tegmental nucleus,LDT,Pons__Behavioral_state_related,254,195,149
163,/997/8/567/688/695/315/95/111/163/,"Agranular insular area, posterior part, layer 2/3",AIp2/3,Isocortex__Agranular_insula__Posterior,32,152,101
164,/997/73/164/,"central canal, spinal cord/medulla",c,Ventricular,167,170,169
169,/997/8/343/1065/354/370/154/169/,Nucleus prepositus,PRP,Medulla__Motor_related,255,179,215
171,/997/8/567/688/695/315/972/171/,"Prelimbic area, layer 1",PL1,Isocortex__Prelimbic,47,167,80
173,/997/8/343/1129/1097/290/173/,Retrochiasmatic area,RCH,Hypothalamus__Lateral_zone,242,72,59
177,/997/8/343/1065/354/370/154/177/,Nucleus of Roller,NR,Medulla__Motor_related,255,177,217
178,/997/8/343/1129/549/856/1014/178/,Ventral part of the lateral geniculate complex,LGv,Thalamus__Polymodal_association_cortex_related,255,142,159
180,/997/8/567/688/695/315/1057/180/,"Gustatory areas, layer 2/3",GU2/3,Isocortex__Gustatory,0,155,117
181,/997/8/343/1129/549/856/571/181/,Nucleus of reuniens,RE,Thalamus__Polymodal_association_cortex_related,253,144,159
184,/997/8/567/688/695/315/184/,"Frontal pole, cerebral cortex",FRP,Isocortex__Frontal_pole,38,143,68
186,/997/8/343/1129/549/856/958/186/,Lateral habenula,LH,Thalamus__Polymodal_association_cortex_related,255,143,157
187,/997/8/567/688/695/315/1057/187/,"Gustatory areas, layer 5",GU5,Isocortex__Gustatory,1,156,117
188,/997/8/567/688/695/698/151/188/,"Accessory olfactory bulb, glomerular layer",AOBgl,Olfactory,157,240,209
189,/997/8/343/1129/549/856/51/189/,Rhomboid nucleus,RH,Thalamus__Polymodal_association_cortex_related,255,142,158
190,/997/1009/983/784/190/,pyramid,py,Fiber_tracts__lateral_forebrain_bundle_system,199,201,201
194,/997/8/343/1129/1097/290/194/,Lateral hypothalamic area,LHA,Hypothalamus__Lateral_zone,242,72,58
196,/997/8/567/688/695/698/151/196/,"Accessory olfactory bulb, granular layer",AOBgr,Olfactory,149,228,200
197,/997/8/343/313/348/165/197/,Rostral linear nucleus raphe,RL,Midbrain__Behavioral_state_related,254,166,255
198,/997/1009/983/784/198/,pyramidal decussation,pyd,Fiber_tracts__lateral_forebrain_bundle_system,201,199,204
201,/997/8/567/688/695/315/453/322/329/201/,"Primary somatosensory area, barrel field, layer 2/3",SSp-bfd2/3,Isocortex__Somatosensory__Barrel_field,24,127,99
202,/997/8/343/1065/354/370/701/202/,Medial vestibular nucleus,MV,Medulla__Motor_related,255,176,215
203,/997/8/343/1065/354/370/203/,Linear nucleus of the medulla,LIN,Medulla__Motor_related,255,177,216
204,/997/8/567/688/695/698/151/204/,"Accessory olfactory bulb, mitral layer",AOBmi,Olfactory,157,239,210
206,/997/8/343/1065/354/379/206/,Nucleus raphe magnus,RM,Medulla__Behavioral_state_related,255,197,226
207,/997/8/343/1065/354/386/207/,Area postrema,AP,Medulla__Sensory_related,255,165,208
209,/997/8/343/1065/354/370/701/209/,Lateral vestibular nucleus,LAV,Medulla__Motor_related,254,179,215
210,/997/8/343/1129/1097/467/331/210/,Lateral mammillary nucleus,LM,Hypothalamus__Medial_zone,255,75,61
211,/997/8/567/688/695/315/31/39/211/,"Anterior cingulate area, dorsal part, layer 2/3",ACAd2/3,Isocortex__Anterior_Cingulate__Dorsal,64,165,101
214,/997/8/343/313/323/214/,Red nucleus,RN,Midbrain__Motor_related,254,144,253
215,/997/8/343/313/323/1100/215/,Anterior pretectal nucleus,APN,Midbrain__Motor_related,254,142,255
217,/997/8/343/1065/354/370/701/217/,Superior vestibular nucleus,SUV,Medulla__Motor_related,253,179,214
218,/997/8/343/1129/549/856/138/218/,Lateral posterior nucleus of the thalamus,LP,Thalamus__Polymodal_association_cortex_related,254,144,157
222,/997/8/343/1065/354/379/222/,Nucleus raphe obscurus,RO,Medulla__Behavioral_state_related,254,198,226
223,/997/8/343/1129/1097/157/223/,Arcuate hypothalamic nucleus,ARH,Hypothalamus__Periventricular_zone,255,91,79
225,/997/8/343/1065/354/370/701/225/,Spinal vestibular nucleus,SPIV,Medulla__Motor_related,254,177,217
226,/997/8/343/1129/1097/290/226/,Lateral preoptic area,LPO,Hypothalamus__Lateral_zone,242,71,59
229,/997/1009/967/901/229/,sensory root of the trigeminal nerve,sV,Fiber_tracts__Cranial_nerves,202,202,203
230,/997/8/343/1065/354/379/230/,Nucleus raphe pallidus,RPA,Medulla__Behavioral_state_related,255,198,226
231,/997/8/343/313/323/231/,Anterior tegmental nucleus,AT,Midbrain__Motor_related,253,144,254
233,/997/8/567/688/695/315/669/402/233/,"Anterolateral visual area, layer 5",VISal5,Isocortex__Visual__Anterolateral,8,132,139
234,/997/8/567/688/695/315/541/234/,"Temporal association areas, layer 4",TEa4,Isocortex__Temporal_association,21,176,178
237,/997/1009/967/917/237/,solitary tract,ts,Fiber_tracts__Cranial_nerves,200,202,199
238,/997/8/343/1065/771/1117/238/,Nucleus raphe pontis,RPO,Pons__Behavioral_state_related,255,194,148
243,/997/8/567/688/695/315/247/1011/243/,"Dorsal auditory area, layer 6b",AUDd6b,Isocortex__Auditory__Dorsal,1,147,152
246,/997/8/343/313/323/246/,"Midbrain reticular nucleus, retrorubral area",RR,Midbrain__Motor_related,253,143,255
249,/997/8/567/688/695/315/247/1027/249/,"Posterior auditory area, layer 6a",AUDpo6a,Isocortex__Auditory__Posterior,2,147,153
250,/997/8/567/623/477/275/242/250/,"Lateral septal nucleus, caudal (caudodorsal) part",LSc,Striatum__Lateral_septal_complex,144,203,236
251,/997/8/567/688/695/315/247/1002/251/,"Primary auditory area, layer 2/3",AUDp2/3,Isocortex__Auditory__Primary,1,146,152
252,/997/8/567/688/695/315/247/1011/252/,"Dorsal auditory area, layer 5",AUDd5,Isocortex__Auditory__Dorsal,2,147,152
255,/997/8/343/1129/549/856/239/255/,Anteroventral nucleus of thalamus,AV,Thalamus__Polymodal_association_cortex_related,253,144,158
257,/997/8/567/688/695/315/669/533/257/,"Posteromedial visual area, layer 6a",VISpm6a,Isocortex__Visual__Posteromedial,9,133,139
258,/997/8/567/623/477/275/242/258/,"Lateral septal nucleus, rostral (rostroventral) part",LSr,Striatum__Lateral_septal_complex,144,202,237
260,/997/8/567/688/695/698/619/260/,"Nucleus of the lateral olfactory tract, molecular layer",NLOT1,Olfactory,149,228,199
262,/997/8/343/1129/549/856/262/,Reticular nucleus of the thalamus,RT,Thalamus__Polymodal_association_cortex_related,253,143,159
263,/997/8/343/1129/1097/141/263/,Anteroventral preoptic nucleus,AVP,Hypothalamus__Periventricular_region,254,84,71
266,/997/8/567/623/477/275/242/266/,"Lateral septal nucleus, ventral part",LSv,Striatum__Lateral_septal_complex,143,203,237
268,/997/8/567/688/695/698/619/268/,"Nucleus of the lateral olfactory tract, pyramidal layer",NLOT2,Olfactory,149,227,200
269,/997/8/567/688/695/315/669/425/269/,"Posterolateral visual area, layer 2/3",VISpl2/3,Isocortex__Visual__Posterolateral,9,132,140
271,/997/8/343/313/339/271/,Nucleus sagulum,SAG,Midbrain__Sensory_related,255,122,254
272,/997/8/343/1129/1097/141/272/,Anteroventral periventricular nucleus,AVPV,Hypothalamus__Periventricular_region,254,84,70
274,/997/8/567/688/695/315/254/879/274/,"Retrosplenial area, dorsal part, layer 6a",RSPd6a,Isocortex__Retrosplenial__Dorsal,26,166,151
279,/997/8/567/688/695/315/254/894/279/,"Retrosplenial area, lateral agranular part, layer 6b",RSPagl6b,Isocortex__Retrosplenial__Lateral_agranular,26,165,152
280,/997/8/343/1065/771/987/280/,Barrington's nucleus,B,Pons__Motor_related,255,186,134
281,/997/8/567/688/695/315/669/394/281/,"Anteromedial visual area, layer 1",VISam1,Isocortex__Visual__Anteromedial,9,132,139
286,/997/8/343/1129/1097/141/286/,Suprachiasmatic nucleus,SCH,Hypothalamus__Periventricular_region,255,85,69
287,/997/8/567/623/803/809/287/,Bed nucleus of the anterior commissure,BAC,Pallidum,179,192,223
288,/997/8/567/688/695/315/714/746/288/,"Orbital area, ventrolateral part, layer 2/3",ORBvl2/3,Isocortex__Orbital__Ventrolateral,36,138,93
289,/997/8/567/688/695/315/541/289/,"Temporal association areas, layer 5",TEa5,Isocortex__Temporal_association,21,175,179
292,/997/8/567/623/477/278/292/,Bed nucleus of the accessory olfactory tract,BA,Striatum-like__amygdalar_nuclei,128,191,226
296,/997/8/567/688/695/315/31/48/296/,"Anterior cingulate area, ventral part, layer 2/3",ACAv2/3,Isocortex__Anterior_Cingulate__Ventral,63,165,102
298,/997/8/567/623/803/835/298/,Magnocellular nucleus,MA,Pallidum,162,177,216
301,/997/1009/991/768/301/,stria terminalis,st,Fiber_tracts__medial_forebrain_bundle_system,200,203,199
303,/997/8/567/688/703/295/303/,"Basolateral amygdalar nucleus, anterior part",BLAa,Cortical_subplate__Amygdala,157,231,155
304,/997/8/567/688/695/315/972/304/,"Prelimbic area, layer 2/3",PL2/3,Isocortex__Prelimbic,47,167,79
305,/997/8/567/688/695/315/669/385/305/,"Primary visual area, layer 6b",VISp6b,Isocortex__Visual__Primary,8,133,138
307,/997/8/343/1065/354/370/307/,Magnocellular reticular nucleus,MARN,Medulla__Motor_related,253,178,217
310,/997/8/567/623/477/275/310/,Septofimbrial nucleus,SF,Striatum__Lateral_septal_complex,143,203,236
311,/997/8/567/688/703/295/311/,"Basolateral amygdalar nucleus, posterior part",BLAp,Cortical_subplate__Amygdala,157,230,156
313,/997/8/343/313/,Midbrain,MB,Midbrain__Other,255,100,255
314,/997/8/567/688/695/315/95/111/314/,"Agranular insular area, posterior part, layer 6a",AIp6a,Isocortex__Agranular_insula__Posterior,32,151,102
318,/997/8/343/1065/771/987/318/,Supragenual nucleus,SG,Pons__Motor_related,255,185,134
320,/997/8/567/688/695/315/500/985/320/,"Primary motor area, Layer 1",MOp1,Isocortex__Motor__Primary,30,157,90
321,/997/8/343/1129/549/856/1014/321/,Subgeniculate nucleus,SubG,Thalamus__Polymodal_association_cortex_related,253,143,158
325,/997/8/343/1129/549/856/138/325/,Suprageniculate nucleus,SGN,Thalamus__Polymodal_association_cortex_related,255,142,157
326,/997/1009/960/752/326/,superior cerebelar peduncles,scp,Fiber_tracts__Cerebellum_related,203,201,203
327,/997/8/567/688/703/319/327/,"Basomedial amygdalar nucleus, anterior part",BMAa,Cortical_subplate__Amygdala,132,234,128
328,/997/8/567/688/695/315/95/104/328/,"Agranular insular area, dorsal part, layer 2/3",AId2/3,Isocortex__Agranular_insula__Dorsal,32,151,101
329,/997/8/567/688/695/315/453/322/329/,"Primary somatosensory area, barrel field",SSp-bfd,Isocortex__Somatosensory__Barrel_field,25,127,100
330,/997/8/567/688/695/315/254/879/330/,"Retrosplenial area, dorsal part, layer 6b",RSPd6b,Isocortex__Retrosplenial__Dorsal,27,166,152
332,/997/8/343/1129/1097/157/332/,Accessory supraoptic group,ASO,Hypothalamus__Periventricular_zone,254,93,78
333,/997/8/567/623/477/275/333/,Septohippocampal nucleus,SH,Striatum__Lateral_septal_complex,143,202,237
334,/997/8/567/688/703/319/334/,"Basomedial amygdalar nucleus, posterior part",BMAp,Cortical_subplate__Amygdala,132,233,129
335,/997/8/567/688/695/315/922/335/,"Perirhinal area, layer 6a",PERI6a,Isocortex__Perirhinal,14,150,132
336,/997/1009/967/848/336/,superior colliculus commissure,csc,Fiber_tracts__Cranial_nerves,201,203,203
338,/997/8/343/1129/1097/141/338/,Subfornical organ,SFO,Hypothalamus__Periventricular_region,255,83,71
342,/997/8/567/623/803/835/342/,Substantia innominata,SI,Pallidum,162,177,215
344,/997/8/567/688/695/315/95/111/344/,"Agranular insular area, posterior part, layer 5",AIp5,Isocortex__Agranular_insula__Posterior,33,152,100
347,/997/8/343/1129/1097/141/347/,Subparaventricular zone,SBPV,Hypothalamus__Periventricular_region,253,85,71
349,/997/1009/991/824/349/,supraoptic commissures,sup,Fiber_tracts__medial_forebrain_bundle_system,204,202,201
350,/997/8/343/1065/771/1117/350/,Subceruleus nucleus,SLC,Pons__Behavioral_state_related,254,195,148
351,/997/8/567/623/803/809/351/,Bed nuclei of the stria terminalis,BST,Pallidum,179,192,222
354,/997/8/343/1065/354/,Medulla,MY,Medulla__Other,255,155,205
355,/997/8/567/688/695/315/95/111/355/,"Agranular insular area, posterior part, layer 6b",AIp6b,Isocortex__Agranular_insula__Posterior,33,150,102
356,/997/8/343/1129/1097/290/356/,Preparasubthalamic nucleus,PST,Hypothalamus__Lateral_zone,242,71,58
358,/997/8/343/1065/771/1117/358/,Sublaterodorsal nucleus,SLD,Pons__Behavioral_state_related,254,194,149
362,/997/8/343/1129/549/856/444/362/,Mediodorsal nucleus of thalamus,MD,Thalamus__Polymodal_association_cortex_related,253,144,157
363,/997/8/567/688/695/315/972/363/,"Prelimbic area, layer 5",PL5,Isocortex__Prelimbic,46,168,79
364,/997/8/343/1129/1097/290/364/,Parasubthalamic nucleus,PSTN,Hypothalamus__Lateral_zone,241,72,58
366,/997/8/343/1129/549/856/444/366/,Submedial nucleus of the thalamus,SMT,Thalamus__Polymodal_association_cortex_related,253,142,159
368,/997/8/567/688/695/315/922/368/,"Perirhinal area, layer 6b",PERI6b,Isocortex__Perirhinal,14,150,131
372,/997/8/343/1065/354/370/372/,Infracerebellar nucleus,ICB,Medulla__Motor_related,254,177,216
374,/997/8/343/313/348/374/,"Substantia nigra, compact part",SNc,Midbrain__Behavioral_state_related,255,166,253
377,/997/8/567/688/695/315/669/425/377/,"Posterolateral visual area, layer 6a",VISpl6a,Isocortex__Visual__Posterolateral,8,131,140
380,/997/1009/967/792/932/514/380/,cuneate fascicle,cuf,Fiber_tracts__Cranial_nerves,202,201,204
381,/997/8/343/313/323/381/,"Substantia nigra, reticular part",SNr,Midbrain__Motor_related,255,141,253
382,/997/8/567/688/695/1089/1080/375/382/,Field CA1,CA1,Hippocampal,126,207,75
390,/997/8/343/1129/1097/157/390/,Supraoptic nucleus,SO,Hypothalamus__Periventricular_zone,254,91,80
393,/997/8/567/688/695/315/669/425/393/,"Posterolateral visual area, layer 6b",VISpl6b,Isocortex__Visual__Posterolateral,8,132,138
397,/997/1009/1000/863/397/,ventral tegmental decussation,vtd,Fiber_tracts__Extrapyramidal_fiber_system,202,203,201
401,/997/8/567/688/695/315/669/394/401/,"Anteromedial visual area, layer 4",VISam4,Isocortex__Visual__Anteromedial,9,133,138
403,/997/8/567/623/477/278/403/,Medial amygdalar nucleus,MEA,Striatum-like__amygdalar_nuclei,128,191,225
412,/997/8/567/688/695/315/714/723/412/,"Orbital area, lateral part, layer 2/3",ORBl2/3,Isocortex__Lateral,35,138,94
413,/997/1009/967/933/413/,vestibular nerve,vVIIIn,Fiber_tracts__Cranial_nerves,201,202,203
414,/997/8/343/1129/549/864/406/414/,"Subparafascicular nucleus, magnocellular part",SPFm,Thalamus__Sensory-motor_cortex_related,255,127,132
421,/997/8/567/688/695/315/669/409/421/,"Lateral visual area, layer 1",VISl1,Isocortex__Visual__Lateral,9,132,138
422,/997/8/343/1129/549/864/406/422/,"Subparafascicular nucleus, parvicellular part",SPFp,Thalamus__Sensory-motor_cortex_related,254,128,132
423,/997/8/567/688/695/1089/1080/375/423/,Field CA2,CA2,Hippocampal,125,207,75
427,/997/8/567/688/695/315/895/427/,Ectorhinal area/Layer 2/3,ECT2/3,Isocortex__Ectorhinal,13,159,145
428,/997/1009/991/768/1099/737/428/,medial corticohypothalamic tract,mct,Fiber_tracts__medial_forebrain_bundle_system,204,200,204
429,/997/8/343/1065/354/386/429/,"Spinal nucleus of the trigeminal, caudal part",SPVC,Medulla__Sensory_related,253,164,208
430,/997/8/567/688/695/315/254/886/430/,"Retrosplenial area, ventral part, layer 2/3",RSPv2/3,Isocortex__Retrosplenial__Ventral,26,165,151
433,/997/8/567/688/695/315/669/394/433/,"Anteromedial visual area, layer 5",VISam5,Isocortex__Visual__Anteromedial,10,132,139
434,/997/8/567/688/695/315/254/879/434/,"Retrosplenial area, dorsal part, layer 2/3",RSPd2/3,Isocortex__Retrosplenial__Dorsal,27,166,151
436,/997/1009/991/768/1099/737/436/,columns of the fornix,fx,Fiber_tracts__medial_forebrain_bundle_system,199,200,202
437,/997/8/343/1065/354/386/437/,"Spinal nucleus of the trigeminal, interpolar part",SPVI,Medulla__Sensory_related,253,165,210
440,/997/8/567/688/695/315/714/723/440/,"Orbital area, lateral part, layer 6a",ORBl6a,Isocortex__Lateral,36,137,93
441,/997/8/567/688/695/315/669/394/441/,"Anteromedial visual area, layer 6b",VISam6b,Isocortex__Visual__Anteromedial,8,131,138
442,/997/8/567/688/695/315/254/879/442/,"Retrosplenial area, dorsal part, layer 1",RSPd1,Isocortex__Retrosplenial__Dorsal,27,165,152
443,/997/1009/991/768/1099/618/443/,dorsal hippocampal commissure,dhc,Fiber_tracts__medial_forebrain_bundle_system,201,204,201
445,/997/8/343/1065/354/386/445/,"Spinal nucleus of the trigeminal, oral part",SPVO,Medulla__Sensory_related,255,164,208
448,/997/8/567/688/695/315/714/723/448/,"Orbital area, lateral part, layer 1",ORBl1,Isocortex__Lateral,35,138,93
449,/997/1009/991/768/1099/618/449/,ventral hippocampal commissure,vhc,Fiber_tracts__medial_forebrain_bundle_system,200,201,201
450,/997/8/567/688/695/315/453/322/369/450/,"Primary somatosensory area, upper limb, layer 1",SSp-ul1,Isocortex__Somatosensory__Upper_limb,25,126,100
451,/997/8/567/688/703/295/451/,"Basolateral amygdalar nucleus, ventral part",BLAv,Cortical_subplate__Amygdala,156,231,156
452,/997/8/343/1129/1097/141/452/,Median preoptic nucleus,MEPO,Hypothalamus__Periventricular_region,255,84,69
456,/997/8/567/688/695/315/247/1027/456/,"Posterior auditory area, layer 6b",AUDpo6b,Isocortex__Auditory__Posterior,2,146,152
460,/997/8/343/313/339/460/,Midbrain trigeminal nucleus,MEV,Midbrain__Sensory_related,255,121,254
461,/997/8/567/688/695/315/453/322/361/461/,"Primary somatosensory area, trunk, layer 6b",SSp-tr6b,Isocortex__Somatosensory__Trunk,26,128,99
463,/997/8/567/688/695/1089/1080/375/463/,Field CA3,CA3,Hippocampal,126,207,73
466,/997/1009/991/768/1099/466/,alveus,alv,Fiber_tracts__medial_forebrain_bundle_system,199,200,204
469,/997/8/567/688/695/315/669/533/469/,"Posteromedial visual area, layer 6b",VISpm6b,Isocortex__Visual__Posteromedial,8,133,137
470,/997/8/343/1129/1097/290/470/,Subthalamic nucleus,STN,Hypothalamus__Lateral_zone,241,71,59
477,/997/8/567/623/477/,Striatum,STR,Striatum__Other,151,214,249
478,/997/8/567/688/695/315/453/322/337/478/,"Primary somatosensory area, lower limb, layer 6a",SSp-ll6a,Isocortex__Somatosensory__Lower_limb,26,127,100
482,/997/1009/967/933/948/482/,brachium of the inferior colliculus,bic,Fiber_tracts__Cranial_nerves,201,200,200
483,/997/8/343/1129/549/856/958/483/,Medial habenula,MH,Thalamus__Polymodal_association_cortex_related,255,141,159
484,/997/8/567/688/695/315/714/731/484/,"Orbital area, medial part, layer 1",ORBm1,Isocortex__Orbital__Medial,35,137,93
488,/997/8/567/688/695/315/714/723/488/,"Orbital area, lateral part, layer 6b",ORBl6b,Isocortex__Lateral,36,138,92
501,/997/8/567/688/695/315/669/533/501/,"Posteromedial visual area, layer 4",VISpm4,Isocortex__Visual__Posteromedial,9,130,139
502,/997/8/567/688/695/1089/822/502/,Subiculum,SUB,Retrohippocampal__Subiculum,79,194,68
506,/997/1009/967/933/948/506/,dorsal acoustic stria,das,Fiber_tracts__Cranial_nerves,204,203,200
507,/997/8/567/688/695/698/507/,Main olfactory bulb,MOB,Olfactory,154,209,189
510,/997/8/567/688/695/315/453/322/337/510/,"Primary somatosensory area, lower limb, layer 6b",SSp-ll6b,Isocortex__Somatosensory__Lower_limb,25,127,98
512,/997/8/512/,Cerebellum,CB,Cerebellum__Other,240,240,128
515,/997/8/343/1129/1097/467/515/,Medial preoptic nucleus,MPN,Hypothalamus__Medial_zone,253,76,62
520,/997/8/567/688/695/315/247/1018/520/,"Ventral auditory area, layer 6a",AUDv6a,Isocortex__Auditory__Ventral,1,147,151
523,/997/8/343/1129/1097/141/523/,Medial preoptic area,MPO,Hypothalamus__Periventricular_region,255,83,70
525,/997/8/343/1129/1097/467/331/525/,Supramammillary nucleus,SUM,Hypothalamus__Medial_zone,255,73,61
526,/997/8/567/688/695/1089/822/909/926/526/,"Entorhinal area, medial part, dorsal zone, layer 1",ENTm1,Retrohippocampal__Entorhinal__Medial_dorsal,49,182,37
527,/997/8/567/688/695/315/247/1011/527/,"Dorsal auditory area, layer 1",AUDd1,Isocortex__Auditory__Dorsal,3,147,153
530,/997/1009/991/768/1099/530/,dorsal fornix,df,Fiber_tracts__medial_forebrain_bundle_system,203,200,204
531,/997/8/343/313/323/1100/531/,Medial pretectal area,MPT,Midbrain__Motor_related,255,144,252
534,/997/8/343/1065/771/987/534/,Supratrigeminal nucleus,SUT,Pons__Motor_related,254,186,134
538,/997/1009/967/840/21/538/,dorsal limb,lotd,Fiber_tracts__Cranial_nerves,202,202,201
540,/997/8/567/688/695/315/922/540/,"Perirhinal area, layer 1",PERI1,Isocortex__Perirhinal,14,149,132
542,/997/8/567/688/695/315/254/886/542/,"Retrosplenial area, ventral part, layer 1",RSPv1,Isocortex__Retrosplenial__Ventral,27,165,151
543,/997/8/567/688/695/1089/822/909/926/543/,"Entorhinal area, medial part, dorsal zone, layer 2",ENTm2,Retrohippocampal__Entorhinal__Medial_dorsal,48,184,36
544,/997/8/567/623/477/278/536/544/,"Central amygdalar nucleus, capsular part",CEAc,Striatum-like__amygdalar_nuclei,128,191,224
549,/997/8/343/1129/549/,Thalamus,TH,Thalamus__Other,255,111,128
551,/997/8/567/623/477/278/536/551/,"Central amygdalar nucleus, lateral part",CEAl,Striatum-like__amygdalar_nuclei,128,190,225
553,/997/1009/960/752/1123/553/,dorsal spinocerebellar tract,sctd,Fiber_tracts__Cerebellum_related,201,202,202
556,/997/8/567/688/695/315/44/556/,"Infralimbic area, layer 2/3",ILA2/3,Isocortex__Infralimbic,89,179,98
558,/997/8/567/688/695/315/453/322/353/558/,"Primary somatosensory area, nose, layer 1",SSp-n1,Isocortex__Somatosensory__Nose,25,126,99
559,/997/8/567/623/477/278/536/559/,"Central amygdalar nucleus, medial part",CEAm,Striatum-like__amygdalar_nuclei,127,192,224
564,/997/8/567/623/803/826/904/564/,Medial septal nucleus,MS,Pallidum,150,167,211
565,/997/8/567/688/695/315/669/533/565/,"Posteromedial visual area, layer 5",VISpm5,Isocortex__Visual__Posteromedial,8,132,137
566,/997/8/567/688/695/698/566/,Postpiriform transition area,TR,Olfactory,168,236,210
573,/997/8/567/688/695/315/669/409/573/,"Lateral visual area, layer 4",VISl4,Isocortex__Visual__Lateral,8,130,139
574,/997/8/343/1065/771/987/574/,Tegmental reticular nucleus,TRN,Pons__Motor_related,254,186,133
575,/997/8/343/1129/549/856/51/575/,Central lateral nucleus of the thalamus,CL,Thalamus__Polymodal_association_cortex_related,253,143,157
576,/997/8/343/1065/354/370/576/,Accessory facial motor nucleus,ACVII,Medulla__Motor_related,253,176,217
577,/997/8/567/688/695/315/453/322/369/577/,"Primary somatosensory area, upper limb, layer 4",SSp-ul4,Isocortex__Somatosensory__Upper_limb,26,127,99
579,/997/1009/983/776/956/579/,external capsule,ec,Fiber_tracts__lateral_forebrain_bundle_system,200,203,204
580,/997/8/343/313/339/580/,Nucleus of the brachium of the inferior colliculus,NB,Midbrain__Sensory_related,254,122,253
581,/997/8/567/623/803/826/581/,Triangular nucleus of septum,TRS,Pallidum,150,167,210
582,/997/8/567/688/695/315/714/731/582/,"Orbital area, medial part, layer 2/3",ORBm2/3,Isocortex__Orbital__Medial,36,136,93
583,/997/8/567/688/703/583/,Claustrum,CLA,Cortical_subplate,138,218,134
587,/997/8/343/313/323/795/587/,Nucleus of Darkschewitsch,ND,Midbrain__Motor_related,253,143,253
588,/997/8/567/688/695/315/31/48/588/,"Anterior cingulate area, ventral part, layer 1",ACAv1,Isocortex__Anterior_Cingulate__Ventral,64,166,100
590,/997/8/567/688/695/315/254/886/590/,"Retrosplenial area, ventral part, layer 6a",RSPv6a,Isocortex__Retrosplenial__Ventral,26,164,152
591,/997/8/343/313/348/165/591/,Central linear nucleus raphe,CLI,Midbrain__Behavioral_state_related,255,164,255
593,/997/8/567/688/695/315/669/385/593/,"Primary visual area, layer 1",VISp1,Isocortex__Visual__Primary,9,133,137
595,/997/1009/991/824/1083/595/,fasciculus retroflexus,fr,Fiber_tracts__medial_forebrain_bundle_system,199,202,201
596,/997/8/567/623/803/826/904/596/,Diagonal band nucleus,NDB,Pallidum,150,166,211
597,/997/8/567/688/695/698/589/597/,"Taenia tecta, dorsal part",TTd,Olfactory,97,208,159
598,/997/8/567/688/695/315/247/1018/598/,"Ventral auditory area, layer 6b",AUDv6b,Isocortex__Auditory__Ventral,1,145,152
599,/997/8/343/1129/549/856/51/599/,Central medial nucleus of the thalamus,CM,Thalamus__Polymodal_association_cortex_related,253,142,158
600,/997/8/567/688/695/315/247/1011/600/,"Dorsal auditory area, layer 2/3",AUDd2/3,Isocortex__Auditory__Dorsal,2,147,151
601,/997/8/567/688/695/315/669/402/601/,"Anterolateral visual area, layer 6a",VISal6a,Isocortex__Visual__Anterolateral,9,130,140
603,/997/1009/991/768/1099/603/,fimbria,fi,Fiber_tracts__medial_forebrain_bundle_system,203,200,203
604,/997/8/343/1065/771/1117/604/,Nucleus incertus,NI,Pons__Behavioral_state_related,254,194,148
605,/997/8/567/688/695/698/589/605/,"Taenia tecta, ventral part",TTv,Olfactory,98,207,158
608,/997/8/567/688/695/315/714/746/608/,"Orbital area, ventrolateral part, layer 6a",ORBvl6a,Isocortex__Orbital__Ventrolateral,35,138,92
609,/997/8/343/1129/549/864/609/,Subparafascicular area,SPA,Thalamus__Sensory-motor_cortex_related,254,127,131
610,/997/8/567/688/695/315/254/879/610/,"Retrosplenial area, dorsal part, layer 5",RSPd5,Isocortex__Retrosplenial__Dorsal,26,165,150
611,/997/1009/991/824/1083/611/,habenular commissure,hbc,Fiber_tracts__medial_forebrain_bundle_system,200,204,199
612,/997/8/343/1065/771/1132/612/,Nucleus of the lateral lemniscus,NLL,Pons__Sensory_related,255,172,111
613,/997/8/567/688/695/315/669/409/613/,"Lateral visual area, layer 5",VISl5,Isocortex__Visual__Lateral,11,133,139
614,/997/8/343/1129/1097/290/614/,Tuberal nucleus,TU,Hypothalamus__Lateral_zone,242,72,57
616,/997/8/343/313/323/616/,Cuneiform nucleus,CUN,Midbrain__Motor_related,252,144,255
620,/997/8/567/688/695/315/714/731/620/,"Orbital area, medial part, layer 5",ORBm5,Isocortex__Orbital__Medial,35,136,94
621,/997/8/343/1065/771/987/621/,Motor nucleus of trigeminal,V,Pons__Motor_related,254,185,134
622,/997/8/567/688/695/315/254/886/622/,"Retrosplenial area, ventral part, layer 6b",RSPv6b,Isocortex__Retrosplenial__Ventral,26,164,151
625,/997/8/567/688/695/315/453/322/369/625/,"Primary somatosensory area, upper limb, layer 5",SSp-ul5,Isocortex__Somatosensory__Upper_limb,24,126,98
628,/997/8/343/313/323/1100/628/,Nucleus of the optic tract,NOT,Midbrain__Motor_related,255,143,252
629,/997/8/343/1129/549/864/637/629/,Ventral anterior-lateral complex of the thalamus,VAL,Thalamus__Sensory-motor_cortex_related,253,126,132
630,/997/8/567/688/695/315/714/723/630/,"Orbital area, lateral part, layer 5",ORBl5,Isocortex__Lateral,34,138,93
632,/997/8/567/688/695/1089/1080/726/632/,"Dentate gyrus, granule cell layer",DG-sg,Hippocampal,101,168,61
633,/997/1009/967/933/948/633/,inferior colliculus commissure,cic,Fiber_tracts__Cranial_nerves,203,201,201
634,/997/8/343/313/323/1100/634/,Nucleus of the posterior commissure,NPC,Midbrain__Motor_related,255,141,254
638,/997/8/567/688/695/315/1057/638/,"Gustatory areas, layer 6a",GU6a,Isocortex__Gustatory,0,155,116
639,/997/8/567/688/695/698/631/639/,"Cortical amygdalar area, anterior part",COAa,Olfactory,96,229,183
642,/997/8/343/1065/354/386/642/,Nucleus of the trapezoid body,NTB,Medulla__Sensory_related,254,163,210
643,/997/8/567/688/695/315/247/1027/643/,"Posterior auditory area, layer 2/3",AUDpo2/3,Isocortex__Auditory__Posterior,2,145,153
648,/997/8/567/688/695/315/500/985/648/,"Primary motor area, Layer 5",MOp5,Isocortex__Motor__Primary,30,156,90
649,/997/8/567/688/695/315/669/402/649/,"Anterolateral visual area, layer 6b",VISal6b,Isocortex__Visual__Anterolateral,11,132,140
651,/997/8/343/1065/354/386/651/,Nucleus of the solitary tract,NTS,Medulla__Sensory_related,253,165,209
653,/997/8/343/1065/354/370/653/,Abducens nucleus,VI,Medulla__Motor_related,253,177,217
654,/997/8/567/688/695/315/453/322/353/654/,"Primary somatosensory area, nose, layer 4",SSp-n4,Isocortex__Somatosensory__Nose,26,128,98
655,/997/8/567/688/695/698/631/647/655/,"Cortical amygdalar area, posterior part, lateral zone",COApl,Olfactory,95,230,183
656,/997/8/567/688/695/315/500/993/656/,"Secondary motor area, layer 1",MOs1,Isocortex__Motor__Secondary,30,156,89
657,/997/8/567/688/695/315/453/322/345/657/,"Primary somatosensory area, mouth, layer 2/3",SSp-m2/3,Isocortex__Somatosensory__Mouth,26,126,100
658,/997/1009/967/933/948/658/,lateral lemniscus,ll,Fiber_tracts__Cranial_nerves,201,201,203
661,/997/8/343/1065/354/370/661/,Facial motor nucleus,VII,Medulla__Motor_related,255,179,214
662,/997/8/567/688/695/315/1057/662/,"Gustatory areas, layer 6b",GU6b,Isocortex__Gustatory,1,156,116
663,/997/8/567/688/695/698/631/647/663/,"Cortical amygdalar area, posterior part, medial zone",COApm,Olfactory,96,230,181
664,/997/8/567/688/695/1089/822/909/926/664/,"Entorhinal area, medial part, dorsal zone, layer 3",ENTm3,Retrohippocampal__Entorhinal__Medial_dorsal,49,183,35
665,/997/1009/967/840/21/665/,"lateral olfactory tract, body",lot,Fiber_tracts__Cranial_nerves,202,200,199
667,/997/8/567/688/695/315/184/667/,"Frontal pole, layer 2/3",FRP2/3,Isocortex__Frontal_pole,38,142,69
670,/997/8/567/688/695/315/453/322/361/670/,"Primary somatosensory area, trunk, layer 2/3",SSp-tr2/3,Isocortex__Somatosensory__Trunk,24,128,97
671,/997/8/567/688/695/315/254/894/671/,"Retrosplenial area, lateral agranular part, layer 1",RSPagl1,Isocortex__Retrosplenial__Lateral_agranular,27,166,150
672,/997/8/567/623/477/485/672/,Caudoputamen,CP,Striatum__Dorsal,152,213,249
673,/997/1009/991/824/46/673/,mammillary peduncle,mp,Fiber_tracts__medial_forebrain_bundle_system,204,202,200
675,/997/8/567/688/695/315/95/119/675/,"Agranular insular area, ventral part, layer 6a",AIv6a,Isocortex__Agranular_insula__Ventral,31,152,102
678,/997/8/567/688/695/315/247/1011/678/,"Dorsal auditory area, layer 4",AUDd4,Isocortex__Auditory__Dorsal,3,147,152
679,/997/8/343/1065/771/1117/679/,Superior central nucleus raphe,CS,Pons__Behavioral_state_related,255,195,147
680,/997/8/567/688/695/315/714/746/680/,"Orbital area, ventrolateral part, layer 6b",ORBvl6b,Isocortex__Orbital__Ventrolateral,34,137,94
681,/997/1009/991/824/46/681/,mammillotegmental tract,mtg,Fiber_tracts__medial_forebrain_bundle_system,200,200,200
685,/997/8/343/1129/549/864/637/685/,Ventral medial nucleus of the thalamus,VM,Thalamus__Sensory-motor_cortex_related,255,126,132
687,/997/8/567/688/695/315/254/886/687/,"Retrosplenial area, ventral part, layer 5",RSPv5,Isocortex__Retrosplenial__Ventral,27,164,152
689,/997/8/343/1129/1097/141/689/,Ventrolateral preoptic nucleus,VLPO,Hypothalamus__Periventricular_region,254,85,70
690,/997/1009/991/824/46/690/,mammillothalamic tract,mtt,Fiber_tracts__medial_forebrain_bundle_system,199,201,204
692,/997/8/567/688/695/315/922/692/,"Perirhinal area, layer 5",PERI5,Isocortex__Perirhinal,15,150,132
693,/997/8/343/1129/1097/467/693/,Ventromedial hypothalamic nucleus,VMH,Hypothalamus__Medial_zone,255,74,61
694,/997/8/567/688/695/315/95/119/694/,"Agranular insular area, ventral part, layer 2/3",AIv2/3,Isocortex__Agranular_insula__Ventral,33,151,100
696,/997/8/567/688/695/315/247/1027/696/,"Posterior auditory area, layer 1",AUDpo1,Isocortex__Auditory__Posterior,3,146,153
697,/997/1009/967/792/932/697/,medial lemniscus,ml,Fiber_tracts__Cranial_nerves,202,204,200
698,/997/8/567/688/695/698/,Olfactory areas,OLF,Olfactory,153,210,189
699,/997/8/567/688/695/315/95/119/699/,"Agranular insular area, ventral part, layer 6b",AIv6b,Isocortex__Agranular_insula__Ventral,33,150,101
702,/997/8/567/688/695/315/453/322/353/702/,"Primary somatosensory area, nose, layer 5",SSp-n5,Isocortex__Somatosensory__Nose,25,126,98
703,/997/8/567/688/703/,Cortical subplate,CTXsp,Cortical_subplate,138,217,135
704,/997/8/567/688/695/315/95/119/704/,"Agranular insular area, ventral part, layer 1",AIv1,Isocortex__Agranular_insula__Ventral,32,152,100
706,/997/8/343/313/323/1100/706/,Olivary pretectal nucleus,OP,Midbrain__Motor_related,254,144,252
707,/997/8/567/688/695/315/44/707/,"Infralimbic area, layer 1",ILA1,Isocortex__Infralimbic,89,178,99
711,/997/8/343/1065/354/386/720/711/,Cuneate nucleus,CU,Medulla__Sensory_related,253,165,208
718,/997/8/343/1129/549/864/637/709/718/,Ventral posterolateral nucleus of the thalamus,VPL,Thalamus__Sensory-motor_cortex_related,253,128,132
721,/997/8/567/688/695/315/669/385/721/,"Primary visual area, layer 4",VISp4,Isocortex__Visual__Primary,11,132,139
725,/997/8/343/1129/549/864/637/709/725/,"Ventral posterolateral nucleus of the thalamus, parvicellular part",VPLpc,Thalamus__Sensory-motor_cortex_related,255,127,130
727,/997/8/567/688/695/1089/822/909/926/727/,"Entorhinal area, medial part, dorsal zone, layer 5",ENTm5,Retrohippocampal__Entorhinal__Medial_dorsal,48,183,36
728,/997/1009/960/728/,arbor vitae,arb,Fiber_tracts__Cerebellum_related,203,201,204
729,/997/8/567/688/695/315/541/729/,"Temporal association areas, layer 6a",TEa6a,Isocortex__Temporal_association,21,175,178
732,/997/8/343/1129/1097/467/331/491/732/,"Medial mammillary nucleus, median part",MMme,Hypothalamus__Medial_zone,253,75,62
733,/997/8/343/1129/549/864/637/709/733/,Ventral posteromedial nucleus of the thalamus,VPM,Thalamus__Sensory-motor_cortex_related,255,126,131
735,/997/8/567/688/695/315/247/1002/735/,"Primary auditory area, layer 1",AUDp1,Isocortex__Auditory__Primary,2,146,151
741,/997/8/343/1129/549/864/637/709/741/,"Ventral posteromedial nucleus of the thalamus, parvicellular part",VPMpc,Thalamus__Sensory-motor_cortex_related,254,128,130
743,/997/8/567/688/695/1089/822/909/926/743/,"Entorhinal area, medial part, dorsal zone, layer 6",ENTm6,Retrohippocampal__Entorhinal__Medial_dorsal,50,182,35
744,/997/1009/960/744/,cerebellar commissure,cbc,Fiber_tracts__Cerebellum_related,203,200,202
749,/997/8/343/313/323/749/,Ventral tegmental area,VTA,Midbrain__Motor_related,254,141,255
750,/997/8/567/688/695/315/669/425/750/,"Posterolateral visual area, layer 1",VISpl1,Isocortex__Visual__Posterolateral,10,131,138
753,/997/1009/991/824/46/753/,principal mammillary tract,pm,Fiber_tracts__medial_forebrain_bundle_system,200,203,202
754,/997/8/567/623/477/493/754/,Olfactory tubercle,OT,Striatum__Ventral,127,204,247
755,/997/8/567/688/695/315/247/1018/755/,"Ventral auditory area, layer 2/3",AUDv2/3,Isocortex__Auditory__Ventral,2,145,152
757,/997/8/343/313/323/757/,Ventral tegmental nucleus,VTN,Midbrain__Motor_related,252,144,254
759,/997/8/567/688/695/315/247/1027/759/,"Posterior auditory area, layer 4",AUDpo4,Isocortex__Auditory__Posterior,3,146,152
763,/997/8/343/1129/1097/141/763/,Vascular organ of the lamina terminalis,OV,Hypothalamus__Periventricular_region,253,84,71
765,/997/8/343/1065/354/370/765/,Nucleus x,x,Medulla__Motor_related,255,176,217
767,/997/8/567/688/695/315/500/993/767/,"Secondary motor area, layer 5",MOs5,Isocortex__Motor__Secondary,31,157,88
771,/997/8/343/1065/771/,Pons,P,Pons__Other,255,155,136
772,/997/8/567/688/695/315/31/48/772/,"Anterior cingulate area, ventral part, layer 5",ACAv5,Isocortex__Anterior_Cingulate__Ventral,62,166,102
773,/997/8/343/1065/354/370/773/,Hypoglossal nucleus,XII,Medulla__Motor_related,254,177,215
774,/997/8/567/688/695/315/254/894/774/,"Retrosplenial area, lateral agranular part, layer 5",RSPagl5,Isocortex__Retrosplenial__Lateral_agranular,28,166,151
776,/997/1009/983/776/,corpus callosum,cc,Fiber_tracts__lateral_forebrain_bundle_system,199,201,202
778,/997/8/567/688/695/315/669/385/778/,"Primary visual area, layer 5",VISp5,Isocortex__Visual__Primary,8,131,137
780,/997/8/567/688/703/780/,Posterior amygdalar nucleus,PA,Cortical_subplate__Amygdala,151,236,147
781,/997/8/343/1065/354/370/781/,Nucleus y,y,Medulla__Motor_related,253,178,215
783,/997/8/567/688/695/315/95/104/783/,"Agranular insular area, dorsal part, layer 6a",AId6a,Isocortex__Agranular_insula__Dorsal,32,150,102
784,/997/1009/983/784/,corticospinal tract,cst,Fiber_tracts__lateral_forebrain_bundle_system,200,199,204
786,/997/8/567/688/695/315/541/786/,"Temporal association areas, layer 6b",TEa6b,Isocortex__Temporal_association,22,176,178
788,/997/8/567/688/695/698/788/,Piriform-amygdalar area,PAA,Olfactory,89,217,170
791,/997/8/567/688/695/315/247/1027/791/,"Posterior auditory area, layer 5",AUDpo5,Isocortex__Auditory__Posterior,1,145,151
794,/997/1009/967/901/229/794/,spinal tract of the trigeminal nerve,sptV,Fiber_tracts__Cranial_nerves,200,202,202
795,/997/8/343/313/323/795/,Periaqueductal gray,PAG,Midbrain__Motor_related,252,143,255
797,/997/8/343/1129/1097/290/797/,Zona incerta,ZI,Hypothalamus__Lateral_zone,240,72,59
798,/997/1009/967/798/,facial nerve,VIIn,Fiber_tracts__Cranial_nerves,204,204,199
800,/997/8/567/688/695/315/95/119/800/,"Agranular insular area, ventral part, layer 5",AIv5,Isocortex__Agranular_insula__Ventral,31,152,101
802,/997/1009/991/824/1083/802/,stria medullaris,sm,Fiber_tracts__medial_forebrain_bundle_system,204,201,200
803,/997/8/567/623/803/,Pallidum,PAL,Pallidum,133,153,204
804,/997/8/343/1129/1097/290/797/804/,Fields of Forel,FF,Hypothalamus__Lateral_zone,242,71,57
805,/997/8/567/688/695/315/669/533/805/,"Posteromedial visual area, layer 1",VISpm1,Isocortex__Visual__Posteromedial,10,133,137
806,/997/8/567/688/695/315/453/378/806/,"Supplemental somatosensory area, layer 2/3",SSs2/3,Isocortex__Somatosensory__Supplemental,27,128,99
810,/997/8/567/688/695/315/31/48/810/,"Anterior cingulate area, ventral part, 6a",ACAv6a,Isocortex__Anterior_Cingulate__Ventral,64,165,100
811,/997/8/343/313/339/4/811/,"Inferior colliculus, central nucleus",ICc,Midbrain__Sensory_related,254,122,254
812,/997/1009/960/752/326/812/,superior cerebellar peduncle decussation,dscp,Fiber_tracts__Cerebellum_related,204,199,204
814,/997/8/567/688/695/698/814/,Dorsal peduncular area,DP,Olfactory,163,218,163
816,/997/8/567/688/695/315/247/1002/816/,"Primary auditory area, layer 4",AUDp4,Isocortex__Auditory__Primary,3,147,151
819,/997/8/567/688/695/315/31/48/819/,"Anterior cingulate area, ventral part, 6b",ACAv6b,Isocortex__Anterior_Cingulate__Ventral,64,164,101
820,/997/8/343/313/339/4/820/,"Inferior colliculus, dorsal nucleus",ICd,Midbrain__Sensory_related,254,121,255
821,/997/8/567/688/695/315/669/385/821/,"Primary visual area, layer 2/3",VISp2/3,Isocortex__Visual__Primary,10,130,140
827,/997/8/567/688/695/315/44/827/,"Infralimbic area, layer 5",ILA5,Isocortex__Infralimbic,89,178,98
828,/997/8/343/313/339/4/828/,"Inferior colliculus, external nucleus",ICe,Midbrain__Sensory_related,254,121,254
830,/997/8/343/1129/1097/141/830/,Dorsomedial nucleus of the hypothalamus,DMH,Hypothalamus__Periventricular_region,254,84,69
831,/997/8/567/688/695/315/95/104/831/,"Agranular insular area, dorsal part, layer 6b",AId6b,Isocortex__Agranular_insula__Dorsal,31,151,102
832,/997/1009/967/832/,oculomotor nerve,IIIn,Fiber_tracts__Cranial_nerves,199,204,204
834,/997/8/343/313/339/302/834/,"Superior colliculus, zonal layer",SCzo,Midbrain__Sensory_related,255,122,253
836,/997/8/567/688/695/315/895/836/,Ectorhinal area/Layer 1,ECT1,Isocortex__Ectorhinal,13,159,144
838,/997/8/567/688/695/315/453/322/353/838/,"Primary somatosensory area, nose, layer 2/3",SSp-n2/3,Isocortex__Somatosensory__Nose,27,127,100
839,/997/8/343/1065/354/370/839/,Dorsal motor nucleus of the vagus nerve,DMX,Medulla__Motor_related,253,177,216
841,/997/1009/967/933/948/841/,trapezoid body,tb,Fiber_tracts__Cranial_nerves,204,199,203
842,/997/8/343/313/339/302/842/,"Superior colliculus, superficial gray layer",SCsg,Midbrain__Sensory_related,255,120,255
843,/997/8/567/688/695/1089/822/843/,Parasubiculum,PAR,Retrohippocampal__Subiculum,114,213,104
844,/997/8/567/688/695/315/500/985/844/,"Primary motor area, Layer 6a",MOp6a,Isocortex__Motor__Primary,31,155,90
846,/997/8/512/519/846/,Dentate nucleus,DN,Cerebellar_nuclei,255,253,187
847,/997/8/567/688/695/315/247/1002/847/,"Primary auditory area, layer 5",AUDp5,Isocortex__Auditory__Primary,3,145,153
849,/997/8/567/688/695/315/677/849/,"Visceral area, layer 6b",VISC6b,Isocortex__Visceral,17,173,130
850,/997/1009/960/752/326/850/,uncinate fascicle,uf,Fiber_tracts__Cerebellum_related,203,201,200
851,/997/8/343/313/339/302/851/,"Superior colliculus, optic layer",SCop,Midbrain__Sensory_related,253,122,255
852,/997/8/343/1065/354/370/852/,Parvicellular reticular nucleus,PARN,Medulla__Motor_related,252,179,217
854,/997/8/567/688/695/315/453/322/369/854/,"Primary somatosensory area, upper limb, layer 2/3",SSp-ul2/3,Isocortex__Somatosensory__Upper_limb,25,127,97
857,/997/8/567/688/695/315/677/857/,"Visceral area, layer 6a",VISC6a,Isocortex__Visceral,17,172,131
859,/997/8/343/1065/354/370/859/,Parasolitary nucleus,PAS,Medulla__Motor_related,255,178,214
862,/997/8/567/688/695/315/453/378/862/,"Supplemental somatosensory area, layer 6a",SSs6a,Isocortex__Somatosensory__Supplemental,25,125,99
863,/997/1009/1000/863/,rubrospinal tract,rust,Fiber_tracts__Extrapyramidal_fiber_system,200,200,203
866,/997/1009/960/752/326/866/,ventral spinocerebellar tract,sctv,Fiber_tracts__Cerebellum_related,203,199,204
867,/997/8/343/1065/771/1132/867/,Parabrachial nucleus,PB,Pons__Sensory_related,255,173,109
869,/997/8/567/688/695/315/669/425/869/,"Posterolateral visual area, layer 4",VISpl4,Isocortex__Visual__Posterolateral,11,133,138
872,/997/8/343/313/348/165/872/,Dorsal nucleus raphe,DR,Midbrain__Behavioral_state_related,253,166,255
873,/997/8/567/688/695/315/453/378/873/,"Supplemental somatosensory area, layer 1",SSs1,Isocortex__Somatosensory__Supplemental,26,126,98
874,/997/8/343/313/339/874/,Parabigeminal nucleus,PBG,Midbrain__Sensory_related,255,121,253
878,/997/8/567/688/695/315/453/322/345/878/,"Primary somatosensory area, mouth, layer 1",SSp-m1,Isocortex__Somatosensory__Mouth,24,126,97
880,/997/8/343/1065/771/987/880/,Dorsal tegmental nucleus,DTN,Pons__Motor_related,254,185,133
882,/997/8/567/688/695/315/500/985/882/,"Primary motor area, Layer 6b",MOp6b,Isocortex__Motor__Primary,29,157,90
884,/997/1009/991/768/884/,amygdalar capsule,amc,Fiber_tracts__medial_forebrain_bundle_system,200,201,203
888,/997/8/567/688/695/315/922/888/,"Perirhinal area, layer 2/3",PERI2/3,Isocortex__Perirhinal,14,149,131
889,/997/8/567/688/695/315/453/322/353/889/,"Primary somatosensory area, nose, layer 6a",SSp-n6a,Isocortex__Somatosensory__Nose,24,125,98
893,/997/8/567/688/695/315/453/378/893/,"Supplemental somatosensory area, layer 6b",SSs6b,Isocortex__Somatosensory__Supplemental,26,128,97
897,/997/8/567/688/695/315/677/897/,"Visceral area, layer 1",VISC1,Isocortex__Visceral,18,173,131
898,/997/8/343/1065/771/987/898/,Pontine central gray,PCG,Pons__Motor_related,255,186,132
900,/997/1009/967/840/900/,"anterior commissure, olfactory limb",aco,Fiber_tracts__Cranial_nerves,203,203,199
902,/997/8/567/688/695/315/669/425/902/,"Posterolateral visual area, layer 5",VISpl5,Isocortex__Visual__Posterolateral,11,131,140
903,/997/8/343/1065/354/386/903/,External cuneate nucleus,ECU,Medulla__Sensory_related,255,162,210
905,/997/8/567/688/695/315/669/402/905/,"Anterolateral visual area, layer 2/3",VISal2/3,Isocortex__Visual__Anterolateral,9,131,137
906,/997/8/567/688/695/315/254/894/906/,"Retrosplenial area, lateral agranular part, layer 6a",RSPagl6a,Isocortex__Retrosplenial__Lateral_agranular,28,165,151
907,/997/8/343/1129/549/856/51/907/,Paracentral nucleus,PCN,Thalamus__Polymodal_association_cortex_related,254,141,159
908,/997/1009/991/768/908/,"anterior commissure, temporal limb",act,Fiber_tracts__medial_forebrain_bundle_system,201,201,201
910,/997/8/567/688/695/315/714/731/910/,"Orbital area, medial part, layer 6a",ORBm6a,Isocortex__Orbital__Medial,34,136,94
911,/997/1009/967/911/,trochlear nerve,IVn,Fiber_tracts__Cranial_nerves,200,201,200
912,/997/8/512/528/645/912/,Lingula (I),LING,Cerebellar_cortex__Vermal_regions,254,250,145
914,/997/8/343/1129/1097/141/914/,Posterodorsal preoptic nucleus,PD,Hypothalamus__Periventricular_region,254,83,70
916,/997/1009/967/848/916/,brachium of the superior colliculus,bsc,Fiber_tracts__Cranial_nerves,199,203,203
919,/997/8/567/688/695/315/31/39/919/,"Anterior cingulate area, dorsal part, layer 6a",ACAd6a,Isocortex__Anterior_Cingulate__Dorsal,63,166,100
924,/997/1009/983/784/924/,cerebal peduncle,cpd,Fiber_tracts__lateral_forebrain_bundle_system,204,202,199
927,/997/8/567/688/695/315/31/39/927/,"Anterior cingulate area, dorsal part, layer 6b",ACAd6b,Isocortex__Anterior_Cingulate__Dorsal,63,164,102
929,/997/8/567/688/695/315/453/322/353/929/,"Primary somatosensory area, nose, layer 6b",SSp-n6b,Isocortex__Somatosensory__Nose,27,126,100
930,/997/8/343/1129/549/856/51/930/,Parafascicular nucleus,PF,Thalamus__Polymodal_association_cortex_related,252,144,158
931,/997/8/343/1065/771/987/931/,Pontine gray,PG,Pons__Motor_related,255,184,133
935,/997/8/567/688/695/315/31/39/935/,"Anterior cingulate area, dorsal part, layer 1",ACAd1,Isocortex__Anterior_Cingulate__Dorsal,62,166,101
936,/997/8/512/528/645/936/,Declive (VI),DEC,Cerebellar_cortex__Vermal_regions,254,250,144
939,/997/8/343/1065/354/370/135/939/,"Nucleus ambiguus, dorsal division",AMBd,Medulla__Motor_related,254,179,214
940,/997/1009/991/768/940/,cingulum bundle,cing,Fiber_tracts__medial_forebrain_bundle_system,202,204,199
943,/997/8/567/688/695/315/500/985/943/,"Primary motor area, Layer 2/3",MOp2/3,Isocortex__Motor__Primary,31,156,88
944,/997/8/512/528/645/944/,Folium-tuber vermis (VII),FOTU,Cerebellar_cortex__Vermal_regions,253,251,144
945,/997/8/567/688/695/315/453/322/369/945/,"Primary somatosensory area, upper limb, layer 6a",SSp-ul6a,Isocortex__Somatosensory__Upper_limb,25,125,97
946,/997/8/343/1129/1097/467/946/,Posterior hypothalamic nucleus,PH,Hypothalamus__Medial_zone,253,75,60
949,/997/1009/967/949/,vomeronasal nerve,von,Fiber_tracts__Cranial_nerves,202,200,201
950,/997/8/567/688/695/315/453/322/345/950/,"Primary somatosensory area, mouth, layer 4",SSp-m4,Isocortex__Somatosensory__Mouth,27,127,98
951,/997/8/512/528/645/951/,Pyramus (VIII),PYR,Cerebellar_cortex__Vermal_regions,251,252,145
952,/997/8/567/688/703/942/952/,"Endopiriform nucleus, dorsal part",EPd,Cortical_subplate,160,238,156
954,/997/8/567/688/695/315/247/1002/954/,"Primary auditory area, layer 6a",AUDp6a,Isocortex__Auditory__Primary,1,147,150
955,/997/8/343/1065/354/370/235/955/,"Lateral reticular nucleus, magnocellular part",LRNm,Medulla__Motor_related,252,179,215
956,/997/1009/983/776/956/,"corpus callosum, anterior forceps",fa,Fiber_tracts__lateral_forebrain_bundle_system,202,199,204
957,/997/8/512/528/645/957/,Uvula (IX),UVU,Cerebellar_cortex__Vermal_regions,255,250,143
959,/997/8/567/688/695/315/247/1018/959/,"Ventral auditory area, layer 1",AUDv1,Isocortex__Auditory__Ventral,1,144,153
961,/997/8/567/688/695/698/961/,Piriform area,PIR,Olfactory,106,202,185
962,/997/8/567/688/695/315/500/993/962/,"Secondary motor area, layer 2/3",MOs2/3,Isocortex__Motor__Secondary,30,157,88
963,/997/8/343/1065/354/370/235/963/,"Lateral reticular nucleus, parvicellular part",LRNp,Medulla__Motor_related,254,176,217
964,/997/1009/983/776/964/,"corpus callosum, extreme capsule",ee,Fiber_tracts__lateral_forebrain_bundle_system,201,200,202
965,/997/8/567/688/695/315/254/894/965/,"Retrosplenial area, lateral agranular part, layer 2/3",RSPagl2/3,Isocortex__Retrosplenial__Lateral_agranular,26,164,150
966,/997/8/567/688/703/942/966/,"Endopiriform nucleus, ventral part",EPv,Cortical_subplate,160,237,157
968,/997/8/512/528/645/968/,Nodulus (X),NOD,Cerebellar_cortex__Vermal_regions,253,252,143
969,/997/8/567/688/695/315/714/746/969/,"Orbital area, ventrolateral part, layer 1",ORBvl1,Isocortex__Orbital__Ventrolateral,36,138,91
970,/997/8/343/1065/354/370/938/970/,"Paragigantocellular reticular nucleus, dorsal part",PGRNd,Medulla__Motor_related,252,179,216
971,/997/1009/983/776/971/,"corpus callosum, posterior forceps",fp,Fiber_tracts__lateral_forebrain_bundle_system,200,201,202
973,/997/8/567/688/695/315/669/409/973/,"Lateral visual area, layer 2/3",VISl2/3,Isocortex__Visual__Lateral,10,132,137
974,/997/8/567/688/695/315/453/322/345/974/,"Primary somatosensory area, mouth, layer 5",SSp-m5,Isocortex__Somatosensory__Mouth,27,126,99
975,/997/8/343/313/323/975/,Edinger-Westphal nucleus,EW,Midbrain__Motor_related,254,143,252
976,/997/8/512/528/645/920/976/,Lobule II,CENT2,Cerebellar_cortex__Vermal_regions,253,250,145
977,/997/8/567/688/695/315/895/977/,Ectorhinal area/Layer 6a,ECT6a,Isocortex__Ectorhinal,14,159,145
978,/997/8/343/1065/354/370/938/978/,"Paragigantocellular reticular nucleus, lateral part",PGRNl,Medulla__Motor_related,252,178,217
980,/997/8/343/1129/1097/467/980/,Dorsal premammillary nucleus,PMd,Hypothalamus__Medial_zone,252,76,62
981,/997/8/567/688/695/315/453/322/329/981/,"Primary somatosensory area, barrel field, layer 1",SSp-bfd1,Isocortex__Somatosensory__Barrel_field,24,128,96
982,/997/8/567/688/695/1089/1080/982/,Fasciola cinerea,FC,Hippocampal,126,205,74
984,/997/8/512/528/645/920/984/,Lobule III,CENT3,Cerebellar_cortex__Vermal_regions,255,252,142
986,/997/1009/983/776/986/,"corpus callosum, splenium",ccs,Fiber_tracts__lateral_forebrain_bundle_system,199,202,204
988,/997/8/567/688/695/315/895/988/,Ectorhinal area/Layer 5,ECT5,Isocortex__Ectorhinal,13,158,144
989,/997/8/512/519/989/,Fastigial nucleus,FN,Cerebellar_nuclei,255,252,188
990,/997/8/567/688/695/315/247/1018/990/,"Ventral auditory area, layer 4",AUDv4,Isocortex__Auditory__Ventral,2,145,151
996,/997/8/567/688/695/315/95/104/996/,"Agranular insular area, dorsal part, layer 1",AId1,Isocortex__Agranular_insula__Dorsal,32,151,100
997,/997/,root,root,Root,0,0,0
998,/997/8/567/623/477/493/998/,Fundus of striatum,FS,Striatum__Ventral,126,205,248
1004,/997/8/343/1129/1097/467/1004/,Ventral premammillary nucleus,PMv,Hypothalamus__Medial_zone,255,75,59
1005,/997/8/567/688/695/315/247/1002/1005/,"Primary auditory area, layer 6b",AUDp6b,Isocortex__Auditory__Primary,3,145,152
1006,/997/8/567/688/695/315/453/322/361/1006/,"Primary somatosensory area, trunk, layer 1",SSp-tr1,Isocortex__Somatosensory__Trunk,24,124,100
1007,/997/8/512/528/1073/1007/,Simple lobule,SIM,Cerebellar_cortex__Hemispheric_regions,253,251,143
1009,/997/1009/,fiber tracts,fiber tracts,Fiber_tracts__Other,202,199,203
1010,/997/8/567/688/695/315/677/1010/,"Visceral area, layer 4",VISC4,Isocortex__Visceral,17,172,130
1015,/997/8/567/688/695/315/31/39/1015/,"Anterior cingulate area, dorsal part, layer 5",ACAd5,Isocortex__Anterior_Cingulate__Dorsal,62,165,102
1016,/997/1009/967/840/1016/,olfactory nerve layer of main olfactory bulb,onl,Fiber_tracts__Cranial_nerves,199,203,202
1020,/997/8/343/1129/549/856/138/1020/,Posterior complex of the thalamus,PO,Thalamus__Polymodal_association_cortex_related,255,142,156
1021,/997/8/567/688/695/315/500/993/1021/,"Secondary motor area, layer 6a",MOs6a,Isocortex__Motor__Secondary,29,156,90
1022,/997/8/567/623/803/818/1022/,"Globus pallidus, external segment",GPe,Pallidum,133,152,204
1023,/997/8/567/688/695/315/247/1018/1023/,"Ventral auditory area, layer 5",AUDv5,Isocortex__Auditory__Ventral,1,144,152
1025,/997/8/512/528/1073/1025/,Paramedian lobule,PRM,Cerebellar_cortex__Hemispheric_regions,255,251,142
1026,/997/8/567/688/695/315/453/322/369/1026/,"Primary somatosensory area, upper limb, layer 6b",SSp-ul6b,Isocortex__Somatosensory__Upper_limb,28,128,100
1029,/997/8/343/1129/549/856/138/1029/,Posterior limiting nucleus of the thalamus,POL,Thalamus__Polymodal_association_cortex_related,255,141,157
1030,/997/8/567/688/695/315/453/322/337/1030/,"Primary somatosensory area, lower limb, layer 1",SSp-ll1,Isocortex__Somatosensory__Lower_limb,24,127,96
1031,/997/8/567/623/803/818/1031/,"Globus pallidus, internal segment",GPi,Pallidum,132,153,204
1033,/997/8/512/528/1073/1033/,Copula pyramidis,COPY,Cerebellar_cortex__Hemispheric_regions,255,249,144
1035,/997/8/567/688/695/315/453/378/1035/,"Supplemental somatosensory area, layer 4",SSs4,Isocortex__Somatosensory__Supplemental,24,124,99
1037,/997/8/567/688/695/1089/822/1037/,Postsubiculum,POST,Retrohippocampal__Subiculum,71,200,60
1038,/997/8/567/688/695/315/453/322/329/1038/,"Primary somatosensory area, barrel field, layer 6a",SSp-bfd6a,Isocortex__Somatosensory__Barrel_field,25,128,96
1039,/997/8/343/1065/354/386/720/1039/,Gracile nucleus,GR,Medulla__Sensory_related,254,163,208
1041,/997/8/512/528/1073/1041/,Paraflocculus,PFL,Cerebellar_cortex__Hemispheric_regions,255,252,141
1043,/997/1009/1000/877/1043/,crossed tectospinal pathway,tspc,Fiber_tracts__Extrapyramidal_fiber_system,200,200,204
1044,/997/8/343/1129/549/864/1044/,Peripeduncular nucleus,PP,Thalamus__Sensory-motor_cortex_related,253,127,132
1045,/997/8/567/688/695/315/895/1045/,Ectorhinal area/Layer 6b,ECT6b,Isocortex__Ectorhinal,14,159,144
1046,/997/8/567/688/695/315/669/394/1046/,"Anteromedial visual area, layer 6a",VISam6a,Isocortex__Visual__Anteromedial,10,130,139
1047,/997/8/567/688/695/315/453/322/329/1047/,"Primary somatosensory area, barrel field, layer 4",SSp-bfd4,Isocortex__Somatosensory__Barrel_field,25,124,100
1048,/997/8/343/1065/354/370/1048/,Gigantocellular reticular nucleus,GRN,Medulla__Motor_related,254,176,216
1049,/997/8/512/528/1073/1049/,Flocculus,FL,Cerebellar_cortex__Hemispheric_regions,254,249,145
1052,/997/8/343/313/348/1052/,Pedunculopontine nucleus,PPN,Midbrain__Behavioral_state_related,255,165,253
1054,/997/8/567/688/695/315/44/1054/,"Infralimbic area, layer 6a",ILA6a,Isocortex__Infralimbic,88,179,98
1056,/997/8/512/528/1073/1017/1056/,Crus 1,ANcr1,Cerebellar_cortex__Hemispheric_regions,252,252,144
1058,/997/8/567/688/695/315/677/1058/,"Visceral area, layer 5",VISC5,Isocortex__Visceral,18,173,130
1060,/997/1009/1000/877/1060/,doral tegmental decussation,dtd,Fiber_tracts__Extrapyramidal_fiber_system,202,202,199
1061,/997/8/343/313/323/1100/1061/,Posterior pretectal nucleus,PPT,Midbrain__Motor_related,252,143,254
1062,/997/8/567/688/695/315/453/322/329/1062/,"Primary somatosensory area, barrel field, layer 6b",SSp-bfd6b,Isocortex__Somatosensory__Barrel_field,26,126,97
1064,/997/8/512/528/1073/1017/1064/,Crus 2,ANcr2,Cerebellar_cortex__Hemispheric_regions,252,250,145
1066,/997/8/567/688/695/315/669/394/1066/,"Anteromedial visual area, layer 2/3",VISam2/3,Isocortex__Visual__Anteromedial,11,132,138
1069,/997/8/343/1065/354/370/1069/,Parapyramidal nucleus,PPY,Medulla__Motor_related,252,178,216
1070,/997/8/567/688/695/315/453/322/329/1070/,"Primary somatosensory area, barrel field, layer 5",SSp-bfd5,Isocortex__Somatosensory__Barrel_field,26,125,98
1072,/997/8/343/1129/549/864/1008/475/1072/,"Medial geniculate complex, dorsal part",MGd,Thalamus__Sensory-motor_cortex_related,254,127,130
1074,/997/8/567/688/695/315/669/402/1074/,"Anterolateral visual area, layer 1",VISal1,Isocortex__Visual__Anterolateral,11,131,139
1077,/997/8/343/1129/549/856/444/1077/,Perireunensis nucleus,PR,Thalamus__Polymodal_association_cortex_related,253,144,156
1079,/997/8/343/1129/549/864/1008/475/1079/,"Medial geniculate complex, ventral part",MGv,Thalamus__Sensory-motor_cortex_related,254,126,131
1081,/997/8/567/688/695/315/44/1081/,"Infralimbic area, layer 6b",ILA6b,Isocortex__Infralimbic,88,178,99
1084,/997/8/567/688/695/1089/822/1084/,Presubiculum,PRE,Retrohippocampal__Subiculum,89,184,71
1085,/997/8/567/688/695/315/500/993/1085/,"Secondary motor area, layer 6b",MOs6b,Isocortex__Motor__Secondary,30,156,88
1086,/997/8/567/688/695/315/453/322/361/1086/,"Primary somatosensory area, trunk, layer 4",SSp-tr4,Isocortex__Somatosensory__Trunk,27,126,98
1088,/997/8/343/1129/549/864/1008/475/1088/,"Medial geniculate complex, medial part",MGm,Thalamus__Sensory-motor_cortex_related,253,127,131
1089,/997/8/567/688/695/1089/,Hippocampal formation,HPF,Hippocampal,125,205,75
1090,/997/8/567/688/695/315/453/378/1090/,"Supplemental somatosensory area, layer 5",SSs5,Isocortex__Somatosensory__Supplemental,28,128,99
1091,/997/8/512/528/645/928/1091/,Lobules IV-V,"CUL4, 5",Cerebellar_cortex__Vermal_regions,252,251,144
1092,/997/1009/983/896/1092/,external medullary lamina of the thalamus,em,Fiber_tracts__lateral_forebrain_bundle_system,199,202,202
1093,/997/8/343/1065/771/987/1093/,"Pontine reticular nucleus, caudal part",PRNc,Pons__Motor_related,253,186,134
1094,/997/8/567/688/695/315/453/322/337/1094/,"Primary somatosensory area, lower limb, layer 4",SSp-ll4,Isocortex__Somatosensory__Lower_limb,28,127,100
1096,/997/8/343/1129/549/856/239/127/1096/,"Anteromedial nucleus, dorsal part",AMd,Thalamus__Polymodal_association_cortex_related,253,141,159
1097,/997/8/343/1129/1097/,Hypothalamus,HY,Hypothalamus__Other,230,68,56
1098,/997/8/343/1065/354/370/395/1098/,"Medullary reticular nucleus, dorsal part",MDRNd,Medulla__Motor_related,253,177,215
1101,/997/8/567/688/695/315/95/104/1101/,"Agranular insular area, dorsal part, layer 5",AId5,Isocortex__Agranular_insula__Dorsal,32,150,101
1102,/997/8/567/688/695/315/453/322/345/1102/,"Primary somatosensory area, mouth, layer 6a",SSp-m6a,Isocortex__Somatosensory__Mouth,24,125,97
1104,/997/8/343/1129/549/856/239/127/1104/,"Anteromedial nucleus, ventral part",AMv,Thalamus__Polymodal_association_cortex_related,252,144,157
1105,/997/8/567/623/477/278/1105/,Intercalated amygdalar nucleus,IA,Striatum-like__amygdalar_nuclei,128,190,226
1106,/997/8/567/688/695/315/677/1106/,"Visceral area, layer 2/3",VISC2/3,Isocortex__Visceral,18,172,131
1107,/997/8/343/1065/354/370/395/1107/,"Medullary reticular nucleus, ventral part",MDRNv,Medulla__Motor_related,255,177,214
1108,/997/1009/983/776/1108/,genu of corpus callosum,ccg,Fiber_tracts__lateral_forebrain_bundle_system,204,199,201
1109,/997/8/343/1129/1097/141/1109/,Parastrial nucleus,PS,Hypothalamus__Periventricular_region,253,84,70
1111,/997/8/567/688/695/315/453/322/361/1111/,"Primary somatosensory area, trunk, layer 5",SSp-tr5,Isocortex__Somatosensory__Trunk,25,127,96
1113,/997/8/343/1129/549/856/239/1113/,Interanterodorsal nucleus of the thalamus,IAD,Thalamus__Polymodal_association_cortex_related,252,142,159
1114,/997/8/567/688/695/315/669/402/1114/,"Anterolateral visual area, layer 4",VISal4,Isocortex__Visual__Anterolateral,8,133,136
1116,/997/1009/967/798/1116/,genu of the facial nerve,gVIIn,Fiber_tracts__Cranial_nerves,201,204,199
1120,/997/8/343/1129/549/856/239/1120/,Interanteromedial nucleus of the thalamus,IAM,Thalamus__Polymodal_association_cortex_related,254,142,156
1121,/997/8/567/688/695/1089/822/909/918/1121/,"Entorhinal area, lateral part, layer 1",ENTl1,Retrohippocampal__Entorhinal__Lateral,50,183,34
1123,/997/1009/960/752/1123/,inferior cerebellar peduncle,icp,Fiber_tracts__Cerebellum_related,201,201,200
1125,/997/8/567/688/695/315/714/746/1125/,"Orbital area, ventrolateral part, layer 5",ORBvl5,Isocortex__Orbital__Ventrolateral,35,136,92
1126,/997/8/343/1129/1097/467/331/557/1126/,"Tuberomammillary nucleus, dorsal part",TMd,Hypothalamus__Medial_zone,252,76,61
1127,/997/8/567/688/695/315/541/1127/,"Temporal association areas, layer 2/3",TEa2/3,Isocortex__Temporal_association,22,175,179
1128,/997/8/567/688/695/315/453/322/337/1128/,"Primary somatosensory area, lower limb, layer 5",SSp-ll5,Isocortex__Somatosensory__Lower_limb,25,124,99
1139,/997/8/567/688/695/698/619/1139/,"Nucleus of the lateral olfactory tract, layer 3",NLOT3,Olfactory,148,228,199
1140,/997/8/343/1129/1097/1140/,Median eminence,ME,Hypothalamus__Median_eminence,241,71,58
1141,/997/8/567/688/695/1089/1080/726/1141/,"Dentate gyrus, molecular layer",DG-mo,Hippocampal,123,208,74
1142,/997/8/567/688/695/1089/1080/726/1142/,"Dentate gyrus, polymorph layer",DG-po,Hippocampal,126,206,74