Image Series ID,Donor Genotype,Vector Full Name,Targeted Cell Population,Vector Delivery Method
1385099487,Rxfp1-P2A-Cre/wt;RCL-H2B-GFP/wt,,L6_IT_Car3,
836691379,Gpr139-IRES2-FlpO-neo/wt;Ai65F(RCF-tdT)/wt,,L6_CT_VISp_Gpr139,
1366726427,Ai14(RCL-tdT)/wt,pAAV-AiE2051m-minBG-iCre(R297T)-BGHpA,L6_IT_Car3,RO
886376890,Chrna6-IRES2-FlpO-WPRE-neo/wt;Ai65F(RCF-tdT)/wt,,L5_ET_VISp_Chrna6,
1373958975,WT_C57BL/6J,pAAV-AiE2674m-minBG-SYFP2-WPRE3-BGHpA,L4_IT,RO
1366487337,Ai14(RCL-tdT)/wt,pAAV-AiE0170h-minBG-iCre(R297T)-BGHpA,Sst,RO
1181680278,WT_C57BL/6J,pAAV-AiE2117m-minBG-SYFP2-WPRE3-BGHpA,Astro,RO
1196424284,Ai14(RCL-tdT)/wt,pAAV-AiE0743m-minBG-iCre-WPRE3-BGHpA,Cholinergic,RO
874586674,Chrna6-IRES2-FlpO/wt;Ai65F(RCF-tdT)/wt,,L5_ET_VISp_Chrna6,
1214551465,WT_C57BL/6J,pAAV-AiE0452h_3xC2-minBG-SYFP2-WPRE3-BGHpA,MSN_D2,RO
1268116164,WT_C57BL/6J,pAAV-AiE2351m-minBG-SYFP2-WPRE3-BGHpA,L6b,RO
1112886916,Chrna6-IRES2-FlpO-WPRE-neo/wt;Ai224(TICL-NLS-EGFP-ICF-NLS-dT)-hyg/wt,,L5_ET_VISp_Chrna6,
1256424157,WT_C57BL/6J,pAAV-AiE0779m_3xC2-minBG-SYFP2-WPRE3-BGHpA,MSN_D1,RO
1094660862,WT_C57BL/6J,pAAV-AiE0462m-minBG-SYFP2-WPRE3-BGHpA,L5_ET,RO
1088348428,Chodl-P2A-Cre/wt;Ai224(TICL-NLS-EGFP-ICF-NLS-dT)-hyg/wt,,Sst_Chodl,
1158408011,WT_C57BL/6J,pAAV-AiE2123m-minBG-SYFP2-WPRE3-BGHpA,Astro,RO
1272516643,WT_C57BL/6J,pAAV-AiE1227q-minBG-SYFP2-WPRE3-BGHpA,D1_ICj,RO
872012561,Gpr139-IRES2-FlpO-neo/wt;Ai65F(RCF-tdT)/wt,,L6_CT_VISp_Gpr139,
1124835194,WT_C57BL/6J,pAAV-hsA2-AiE0078h_3xC2-minRho-SYFP2-WPRE3-BGHpA,L4_IT,ICV
1296141703,WT_C57BL/6J,pAAV-AiE2530m-minBG-SYFP2-WPRE3-BGHpA,Pax6,RO
1101132682,Chodl-P2A-Cre/wt;Ai224(TICL-NLS-EGFP-ICF-NLS-dT)-hyg/wt,,Sst_Chodl,
1267996969,WT_C57BL/6J,pAAV-AiE2348m-minBG-SYFP2-WPRE3-BGHpA,Lamp5_Lhx6,RO
1168813439,WT_C57BL/6J,pAAV-AiE0590m-minBG-SYFP2-WPRE3-BGHpA,Pvalb,RO
1316421097,WT_C57BL/6J,pAAV-AiE0082h_3xC1-minBG-SYFP2-WPRE3-BGHpA,Pvalb,RO
865331026,Gpr139-IRES2-FlpO-neo/wt;Ai65F(RCF-tdT)/wt,,L6_CT_VISp_Gpr139,
1216283537,WT_C57BL/6J,pAAV-AiE0479m-minBG-SYFP2-WPRE3-BGHpA,Pvalb_ChC,RO
974889161,Rxfp1-P2A-Cre/wt;Ai14(RCL-tdT)/wt,,L6_IT_Car3,
895763080,Npnt-P2A-FlpO/wt;Ai65F(RCF-tdT)/wt,,L5_ET,
1182837942,WT_C57BL/6J,pAAV-AiE0064h-minBG-SYFP2-WPRE3-BGHpA,Pvalb,RO
1194859916,WT_C57BL/6J,pAAV-AiE0859m-minBG-SYFP2-P2A-3XFLAG-10aa-H2B-WPRE3-BGHpA,Cholinergic,RO
1365032393,Ai14(RCL-tdT)/wt,pAAV-AiE0600m-minBG-iCre(R297T)-BGHpA,Sst_Chodl,RO
875268196,Chrna6-IRES2-FlpO/wt;PhiC31-neo/wt;Ai65F(RCF-tdT)/wt,,L5_ET_VISp_Chrna6,
1215597848,Hpse-P2A-Cre/wt;Slc32a1-T2A-FlpO/wt;Ai65(RCFL-tdT)/wt,,Sst_Hpse_Cbln4,
1109645017,WT_C57BL/6J,pAAV-AiE0462m-minBG-SYFP2-WPRE3-BGHpA,L5_ET,RO
1305964915,WT_C57BL/6J,pAAV-AiE2182m_3xC2-minBG-SYFP2-WPRE3-BGHpA,L4_IT,RO
1128009090,WT_C57BL/6J,pAAV-AiE0058m-minBG-SYFP2-WPRE3-BGHpA,L4_IT,RO
1381352863,Ai14(RCL-tdT)/wt,pAAV-AiE0710m-minBG-iCre(R297T)-BGHpA,Pvalb_ChC,RO
1186814064,WT_C57BL/6J,pAAV-AiE0675m-minBG-SYFP2-WPRE3-BGHpA,L2-3_IT,RO
1283915380,WT_C57BL/6J,pAAV-AiE0359h_3xC2b-minBG-SYFP2-WPRE3-BGHpA,Pvalb,RO
842789758,Gpr139-IRES2-FlpO-neo/wt;Ai65F(RCF-tdT)/wt,,L6_CT_VISp_Gpr139,
1082438131,Chodl-P2A-Cre/wt;Ai224(TICL-NLS-EGFP-ICF-NLS-dT)-hyg/wt,,Sst_Chodl,
1231014549,WT_C57BL/6J,pAAV-AiE0441h-minBG-SYFP2-WPRE3-BGHpA,MSN,RO
1066935355,Cplx3-P2A-FlpO/wt;Ai65F(RCF-tdT)/wt,,L6b,
1083096563,Chodl-P2A-Cre/wt;Ai224(TICL-NLS-EGFP-ICF-NLS-dT)-hyg/wt,,Sst_Chodl,
1135361428,Cpne4-P2A-FlpO/wt;Ai65F(RCF-tdT)/wt,,L6_IT_Car3,
1274882234,WT_CD-1_IGS,pAAV-AiE0528h_3xC3-minBG-SYFP2-WPRE3-BGHpA,Sst_Chodl,ICV
1240573486,WT_C57BL/6J,pAAV-AiE0980h-minBG-SYFP2-P2A-3XFLAG-10aa-H2B-WPRE3-BGHpA,L5-6_NP,RO
1347259289,Chodl-P2A-Cre/wt; Sst-IRES-FlpO/wt; Ai211(TITL-ChrimsonR-tdT-Kv2.1-ICF-IRES-tTA2)-hyg/wt,,Sst_Chodl,
1365188678,WT_C57BL/6J,pAAV-AiE0542h-minBG-SYFP2-WPRE3-BGHpA,Pvalb,RO
824843907,Gpr139-IRES2-FlpO-WPRE-neo/wt;Ai65F(RCF-tdT)/wt,,L6_CT_VISp_Gpr139,
1330943833,Slc32a1-IRES-Cre/wt;Lamp5-P2A-FlpO/wt;Ai210(TITL-GC7f-ICF-IRES-tTA2)/wt,,Lamp5,
1185261863,WT_C57BL/6J,pAAV-AiE0121h_3xC2.1-minCMV-SYFP2-WPRE3-BGHpA,L5_ET,RO
1346004262,WT_C57BL/6J,pAAV-AiE0462m_3xC1-minBG-SYFP2-WPRE3-BGHpA,L5_ET,RO
1338965848,WT_C57BL/6J,pAAV-AiE2582m-minBG-SYFP2-WPRE3-BGHpA,L6_IT_Car3,RO
1385335343,WT_C57BL/6J,pAAV-AiE0460m-minBG-SYFP2-WPRE3-BGHpA,L5_ET,RO
783350253,Sncg-IRES2-FlpO-neo/wt;Ai65F(RCF-tdT)/wt,,Sncg,
1340665738,Ctgf-T2A-dgCre/wt;Cplx3-P2A-FlpO/wt;Ai224(TICL-NLS-EGFP-ICF-NLS-dT)-hyg/wt,,L6b,
1107851907,Slc32a1-IRES-Cre/wt;Sncg-IRES2-FlpO/wt;Ai195(TIT2L-GC7s-ICF-IRES-tTA2)-hyg/wt,,Sncg,
1270842849,WT_C57BL/6J,pAAV-AiE0651m-minBG-SYFP2-WPRE3-BGHpA,L4_IT,RO
1143995259,Parm1-P2A-Cre/wt;Slc17a7-IRES2-FlpO/wt;Ai65(RCFL-tdT)/wt,,L5_ET,
1156055098,WT_C57BL/6J,pAAV-AiE2116m-minBG-SYFP2-WPRE3-BGHpA,L5-6_NP,RO
876683854,Gpr139-IRES2-FlpO-WPRE/wt;Ai65F(RCF-tdT)/wt,,L6_CT_VISp_Gpr139,
1126113818,WT_C57BL/6J,pAAV-3xSP10ins-AiE0354h-minRho-SYFP2-WPRE3-BGHpA,Vip,ICV
843333053,Gpr139-IRES2-FlpO/wt;Ai65F(RCF-tdT)/wt,,L6_CT_VISp_Gpr139,
1335812880,WT_C57BL/6J,pAAV-AiE0675m_3xC2-minBG-SYFP2-WPRE3-BGHpA,L2-3_IT,RO
1301000127,WT_C57BL/6J,pAAV-AiE0888h_3xC4-minBG-SYFP2-WPRE3-BGHpA,Dopaminergic,RO
1381925158,WT_C57BL/6J,pAAV-AiE0128h_3xC2-minBG-SYFP2-WPRE3-BGHpA,Pvalb,RO
763843341,Chrna6-IRES2-FlpO-WPRE-neo/wt;Ai65F(RCF-tdT)/wt,,L5_ET_VISp_Chrna6,
1231563203,WT_C57BL/6J,pAAV-3xSP10ins-AiE0357h-minRho-SYFP2-WPRE3-BGHpA,Endo,RO
1328531685,WT_C57BL/6J,pAAV-AiE0082h_3xC2-minBG-SYFP2-WPRE3-BGHpA,Pvalb,RO
764385813,Gpr139-IRES2-FlpO-neo/wt;Ai65F(RCF-tdT)/wt,,L6_CT_VISp_Gpr139,
1305794031,WT_C57BL/6J,pAAV-AiE0536h-minBG-SYFP2-WPRE3-BGHpA,L5_ET,RO
1194381629,WT_C57BL/6J,pAAV-AiE0050m_3xC2-minCMV-SYFP2-WPRE3-BGHpA,L4_IT,RO
961724829,Batf3-IRES2-FlpO-WPRE-neo/wt;Ai65F/wt,,L5_IT_VISp_Batf3,
1300441872,WT_C57BL/6J,pAAV-AiE2579m-minBG-SYFP2-WPRE3-BGHpA,L6_CT,RO
1293817008,WT_C57BL/6J,pAAV-AiE2449m-minBG-SYFP2-WPRE3-BGHpA,L5-6_NP,RO
1211214677,WT_C57BL/6J,pAAV-AiE0526h_3xC2-minBG-SYFP2-WPRE3-BGHpA,Sst,RO
1221480201,WT_C57BL/6J,pAAV-AiE0618h-minBG-SYFP2-WPRE3-BGHpA,MSN_D2,RO
1307810792,WT_C57BL/6J,pAAV-AiE1284q-minBG-SYFP2-WPRE3-BGHpA,Dopaminergic,RO
1229876555,Chodl-P2A-Cre/wt;Sst-IRES-FlpO/wt;Ai195(TIT2L-GC7s-ICF-IRES-tTA2)-hyg/wt,,Sst_Chodl,
837172201,Chrna6-IRES2-FlpO-WPRE/wt;PhiC31-neo/wt;Ai65F(RCF-tdT)/wt,,L5_ET_VISp_Chrna6,
866163001,Chrna6-IRES2-FlpO-WPRE/wt;PhiC31-neo/wt;Ai65F(RCF-tdT)/wt,,L5_ET_VISp_Chrna6,
1008572843,Ai193(TICL-EGFP-ICF-tdT)-hyg/wt,pAAV-AiE2004m-minBG-iCre-HGHpA,L5_ET,RO
1340581834,WT_C57BL/6J,pAAV-AiE2118m_3xC1-minBG-SYFP2-WPRE3-BGHpA,Astro,RO
958946191,Ctxn3-IRES2-FlpO/wt;Ai65F(RCF-tdT)/wt,,L6_IT_Car3,
1237807178,Ai193(TICL-EGFP-ICF-tdT)-hyg/wt,pAAV-AiE0682h-minBG-FlpO-4X2C-WPRE3-BGHpA,Sst_Chodl,RO
895143465,Npnt-P2A-FlpO/wt;Ai65F(RCF-tdT)/wt,,L5_ET,
1308468705,WT_C57BL/6J,pAAV-AiE2563m-minBG-SYFP2-WPRE3-BGHpA,L5_ET,RO
883823425,Chrna6-IRES2-FlpO-WPRE-neo/wt;Ai65F(RCF-tdT)/wt,,L5_ET_VISp_Chrna6,
1393246529,Ai14(RCL-tdT)/wt,pAAV-AiE0779m_3xC2-minBG-iCre(R297T)-3XmiR126TS-BGHpA,MSN_D1,RO
782072687,Chrna6-IRES2-FlpO-neo/wt;Ai65F(RCF-tdT)/wt,,L5_ET_VISp_Chrna6,
1100294810,WT_C57BL/6J,pAAV-AiE2004m_3xC2-minCMV-SYFP2-WPRE3-BGHpA,L5_ET,RO
1384882970,Rxfp1-P2A-Cre/wt;RCL-H2B-GFP/wt,,L6_IT_Car3,
1237579901,WT_C57BL/6J,pAAV-AiE0768m-minBG-SYFP2-WPRE3-BGHpA,L5_ET,RO
1388901775,WT_C57BL/6J,pAAV-AiE2399m-minBG-SYFP2-WPRE3-BGHpA,L6b,RO
760692939,Gpr139-IRES2-FlpO-WPRE-neo/wt;Ai65F(RCF-tdT)/wt,,L6_CT_VISp_Gpr139,
1197776245,WT_C57BL/6J,pAAV-AiE0486m-minBG-SYFP2-WPRE3-BGHpA,L6b,RO
1085030924,WT_C57BL/6J,pAAV-AiE0459m-minBG-SYFP2-WPRE3-BGHpA,L5_ET,RO
1375824810,Chodl-P2A-Cre/wt;Sst-IRES-FlpO/wt;Ai211(TITL-ChrimsonR-tdT-Kv2.1-ICF-IRES-tTA2)-hyg/wt,,Sst_Chodl,
1248010221,WT_C57BL/6J,pAAV-AiE0743m_3xC2-minBG-SYFP2-WPRE3-BGHpA,Cholinergic,RO
1108491117,Slc32a1-IRES-Cre/wt;Sncg-IRES2-FlpO/wt;Ai195(TIT2L-GC7s-ICF-IRES-tTA2)-hyg/wt,,Sncg,
1253005744,WT_C57BL/6J,pAAV-AiE0779m_3xC2-minBG-jRGECO1a-mod-WPRE3-BGHpA,MSN_D1,RO
1292684932,WT_C57BL/6J,pAAV-AiE0458m_3xC2-minBG-SYFP2-WPRE3-BGHpA,L5_ET,RO
1031494525,Chodl-P2A-Cre/wt;Ai14(RCL-tdT)/wt,,Sst_Chodl,
1292535194,WT_C57BL/6J,pAAV-AiE0410m-minBG-SYFP2-P2A-3XFLAG-10aa-H2B-WPRE3-BGHpA,Oligo,RO
1167826594,Chrna6-IRES2-FlpO-WPRE-neo/wt;Ai193(TICL-EGFP-ICF-tdT)-hyg/wt,,L5_ET_VISp_Chrna6,
1126862604,WT_C57BL/6J,pAAV-AiE0715h-minBG-SYFP2-WPRE3-BGHpA,L5-6_NP,RO
1125628029,WT_C57BL/6J,pAAV-AiE0476m_3xC2-minBG-SYFP2-WPRE3-BGHpA,Pvalb_ChC,RO
1179425021,WT_C57BL/6J,pAAV-3xSP10ins-AiE0359h-minRho-SYFP2-WPRE3-BGHpA,Pvalb_ChC,RO
1244310443,WT_C57BL/6J,pAAV-ExE0638m-minBG-SYFP2-WPRE-BGHpA,Sst,ICV
1217171163,WT_C57BL/6J,pAAV-AiE0675m-minBG-SYFP2-WPRE3-BGHpA,L2-3_IT,RO
1336140096,WT_C57BL/6J,pAAV-AiE1267q-minBG-SYFP2-WPRE3-BGHpA,Glutamatergic,RO
870949224,Chrna6-IRES2-FlpO-WPRE/wt;Ai65F(RCF-tdT)/wt,,L5_ET_VISp_Chrna6,
1387095136,WT_C57BL/6J,pAAV-AiE0671m_3xC2-minBG-SYFP2-WPRE3-BGHpA,L4_IT,STX
1286055365,WT_C57BL/6J,pAAV-AiE0528h_3xC2-minBG-SYFP2-WPRE3-BGHpA,Sst_Chodl,RO
1278174494,WT_C57BL/6J,pAAV-AiE0017m_3xC1-minBG-SYFP2-WPRE3-BGHpA,Vip,RO
1257469405,WT_C57BL/6J,pAAV-ExE0638m-minBG-SYFP2-WPRE-BGHpA,Sst,RO
1278975510,WT_CD-1_IGS,pAAV-ExE0582m-minBG-SYFP2-WPRE3-BGHpA,L6_IT_Car3,ICV
1094660644,WT_C57BL/6J,pAAV-AiE0462m-minBG-SYFP2-WPRE3-BGHpA,L5_ET,RO
1173161145,Chrna6-IRES2-FlpO-WPRE-neo/wt;Ai224(TICL-NLS-EGFP-ICF-NLS-dT)-hyg/wt,,L5_ET_VISp_Chrna6,
1327365632,WT_C57BL/6J,pAAV-AiE0362m-minBG-SYFP2-P2A-3XFLAG-10aa-H2B-WPRE3-BGHpA,L4_IT,RO
963095270,Ctxn3-IRES2-FlpO/wt;Ai65F(RCF-tdT)/wt,,L6_IT_Car3,
1227804087,Ai14(RCL-tdT)/wt,pAAV-AiE0050m_3xC2-minBG-iCre(R297T)-BGHpA,L4_IT,RO
1334010620,WT_C57BL/6J,pAAV-AiE0664m-minBG-SYFP2-WPRE3-BGHpA,L6b,RO
1261358128,WT_C57BL/6J,pAAV-AiE0457h-minBG-SYFP2-WPRE3-BGHpA,L5_ET,RO
1379235611,WT_C57BL/6J,pAAV-AiE2459m-minBG-SYFP2-WPRE3-BGHpA,L5_ET,RO
1230749472,WT_C57BL/6J,pAAV-AiE0140h_3xC2-minBG-SYFP2-WPRE3-BGHpA,Pvalb,RO
1311425387,WT_C57BL/6J,pAAV-AiE2366m-minBG-SYFP2-WPRE3-BGHpA,Lamp5,RO
855881371,Chrna6-IRES2-FlpO-neo/wt;Ai65F(RCF-tdT)/wt,,L5_ET_VISp_Chrna6,
1372854241,WT_C57BL/6J,pAAV-AiE0464m-minBG-SYFP2-WPRE3-BGHpA,L5_ET,RO
1217801718,WT_C57BL/6J,pAAV-AiE0769m-minBG-SYFP2-WPRE3-BGHpA,Endo,RO
1299821109,WT_C57BL/6J,pAAV-AiE0452h-minBG-SYFP2_farnesyl-P2A-FLAG-NLS-SV40-dTomato-cmyc-NLS-WPRE3-BGHpA,MSN_D2,RO
1198246987,WT_C57BL/6J,pAAV-AiE0351h_3xC2-minRho-SYFP2-WPRE3-BGHpA,MSN,RO
1307527896,WT_C57BL/6J,pAAV-AiE1277q-minBG-SYFP2-WPRE3-BGHpA,Dopaminergic,RO
1175397453,WT_C57BL/6J,pAAV-AiE0453m_3xC2-minBG-SYFP2-WPRE3-BGHpA,L5_ET,RO
1230750112,WT_C57BL/6J,pAAV-AiE2116m_3xC2-minBG-SYFP2-WPRE3-BGHpA,L5-6_NP,RO
1286991843,WT_CD-1_IGS,pAAV-AiE0539h-minBG-SYFP2-WPRE3-BGHpA,Sncg,ICV
1386846007,Chodl-P2A-Cre/wt;Ai14(RCL-tdT)/wt,,Sst_Chodl,
1336361374,WT_C57BL/6J,pAAV-AiE1276q-minBG-SYFP2-WPRE3-BGHpA,Glutamatergic,RO
1285630098,WT_C57BL/6J,pAAV-AiE2519m-minBG-SYFP2-WPRE3-BGHpA,L5_ET,RO
1245599160,WT_C57BL/6J,pAAV-AiE2189m-minBG-SYFP2-WPRE3-BGHpA,L6b,RO
1134093880,Chodl-P2A-Cre/wt;Sst-IRES-FlpO/wt;Ai224(TICL-NLS-EGFP-ICF-NLS-dT)-hyg/wt,,Sst_Chodl,
1282283055,WT_C57BL/6J,pAAV-AiE2340m-minBG-SYFP2-WPRE3-BGHpA,L6_IT_Car3,RO
1194140115,WT_C57BL/6J,pAAV-AiE0494m-minBG-SYFP2-WPRE3-BGHpA,Vip,RO
1084335573,Sst-IRES-FlpO/wt;Ai224(TICL-NLS-EGFP-ICF-NLS-dT)-hyg/wt,,Sst_Chodl,
1116878458,WT_C57BL/6J,pAAV-AiE0619h-minBG-SYFP2-WPRE3-BGHpA,MSN_D2,RO
1336952054,WT_C57BL/6J,pAAV-AiE1271q-minBG-SYFP2-WPRE3-BGHpA,Glutamatergic,RO
1214717206,WT_C57BL/6J,pAAV-AiE0873m-minBG-SYFP2-P2A-3XFLAG-10aa-H2B-WPRE3-BGHpA,Cholinergic,RO
1386847579,Lamp5-P2A-FlpO/wt;Ai223(TITL-HaloTag-F-ICF-mScarlet-H2B-P2A-C22tTA2)-hyg/wt,,Lamp5,
1334010938,WT_C57BL/6J,pAAV-AiE2588m-minBG-SYFP2-WPRE3-BGHpA,L5-6_NP,RO
1272817515,Chodl-P2A-Cre/wt;Sst-IRES-FlpO/wt;Ai195(TIT2L-GC7s-ICF-IRES-tTA2)-hyg/wt,,Sst_Chodl,
1216782714,WT_C57BL/6J,scAAV-AiE0001m-minBG-SYFP2-WPRE3-BGHpA,Vip,RO
1342312580,WT_C57BL/6J,pAAV-AiE1378m-minBG-SYFP2-P2A-3XFLAG-10aa-H2B-WPRE3-BGHpA,Serotonergic,RO
1297655902,WT_C57BL/6J,pAAV-AiE0523h-minBG-SYFP2-WPRE3-BGHpA,L4_IT,RO
1298236097,WT_C57BL/6J,pAAV-AiE0680m-minBG-SYFP2-WPRE3-BGHpA,L2-3_IT,RO
1294121682,WT_C57BL/6J,pAAV-AiE2383m-minBG-SYFP2-WPRE3-BGHpA,Vip,RO
853719808,Chrna6-IRES2-FlpO-WPRE/wt;Ai65F(RCF-tdT)/wt,,L5_ET_VISp_Chrna6,
1252033567,WT_C57BL/6J,pAAV-AiE0078h-minBG-SYFP2-WPRE3-BGHpA,L4_IT,ICV
1143730227,Parm1-P2A-Cre/wt;Slc17a7-IRES2-FlpO/wt;Ai65(RCFL-tdT)/wt,,L5_ET,
1161993728,Hpse-P2A-Cre/wt;Sst-IRES-FlpO/wt;Ai65(RCFL-tdT)/wt,,Sst_Hpse_Cbln4,
1176784665,WT_C57BL/6J,pAAV-AiE0779m_3xC2-minBG-SYFP2-WPRE3-BGHpA,MSN_D1,RO
1332152557,WT_C57BL/6J,pAAV-AiE2558m-minBG-SYFP2-WPRE3-BGHpA,L6_IT,RO
1099472983,WT_C57BL/6J,pAAV-AiE0459m-minBG-SYFP2-WPRE3-BGHpA,L5_ET,RO
1296140798,WT_C57BL/6J,pAAV-AiE2529m-minBG-SYFP2-WPRE3-BGHpA,Sncg,RO
1299582615,WT_C57BL/6J,pAAV-AiE0784m-minBG-SYFP2-P2A-3XFLAG-10aa-H2B-WPRE3-BGHpA,MSN_D2,RO
1158139295,WT_C57BL/6J,pAAV-AiE0459m-minBG-SYFP2-WPRE3-BGHpA,L5_ET,RO
1270036818,WT_C57BL/6J,pAAV-hsA2-AiE0096h-minRho-SYFP2-WPRE3-BGHpA,Lamp5,RO
1121314520,WT_C57BL/6J,pAAV-AiE0086h-minBG-SYFP2-WPRE3-BGHpA,Pvalb,RO
1342283855,WT_C57BL/6J,pAAV-AiE1373m-minBG-SYFP2-P2A-3XFLAG-10aa-H2B-WPRE3-BGHpA,Serotonergic,RO
1195060569,WT_C57BL/6J,pAAV-AiE0078h-minBG-SYFP2-WPRE3-BGHpA,L4_IT,ICV
1282727040,WT_C57BL/6J,pAAV-AiE0226h_3xC2-minBG-SYFP2-WPRE3-BGHpA,Sst,RO
791313482,Batf3-IRES2-FlpO-WPRE-neo/wt;Ai65F(RCF-tdT)/wt,,L5_IT_VISp_Batf3,
963094113,Ctxn3-IRES2-FlpO-neo/wt;Ai65F(RCF-tdT)/wt,,L6_IT_Car3,
1128136613,WT_C57BL/6J,pAAV-AiE0647m-minBG-SYFP2-WPRE3-BGHpA,L5_ET,RO
1168078426,WT_C57BL/6J,pAAV-AiE2118m-minBG-SYFP2-WPRE3-BGHpA,Astro,RO
1105180498,WT_C57BL/6J,pAAV-AiE0783m-minBG-SYFP2-WPRE3-BGHpA,MSN_D1,RO
1253762076,WT_C57BL/6J,pAAV-AiE0226h-minBG-SYFP2-WPRE3-BGHpA,Sst,RO
769243572,Chrna6-IRES2-FlpO-neo/wt;PhiC31-neo/wt;Ai65F(RCF-tdT)/Ai65F(RCF-tdT),,L5_ET_VISp_Chrna6,
1264666689,WT_C57BL/6J,pAAV-AiE0779m_3xC2-minBG-jGCaMP8m-WPRE3-BGHpA,MSN_D1,RO
1371964828,WT_C57BL/6J,pAAV-AiE2666m-minBG-SYFP2-WPRE3-BGHpA,Sncg,RO
1274338302,WT_C57BL/6J,pAAV-AiE0447h-minBG-DIO-SYFP2-WPRE3-BGHpA | pAAV-AiE0779m_3xC2-minBG-iCre(R297T)-BGHpA,MSN_D1,RO
1077846185,WT_C57BL/6J,pAAV-AiE2032m-minBG-SYFP2-WPRE3-BGHpA,L4_IT,RO
884780305,Gpr139-IRES2-FlpO-WPRE-neo/wt;Ai65F(RCF-tdT)/wt,,L6_CT_VISp_Gpr139,
1293817324,Slco2a1-P2A-Cre/wt;Ai224(TICL-NLS-EGFP-ICF-NLS-dT)-hyg/wt,,L5_ET,
1367943349,Ai14(RCL-tdT)/wt,pAAV-AiE0486m-minBG-iCre(R297T)-BGHpA,L6b,RO
861757398,Gpr139-IRES2-FlpO/wt;PhiC31-neo/wt; Ai65F(RCF-tdT)/wt,,L6_CT_VISp_Gpr139,
1064982651,Cpne4-P2A-FlpO/wt;Ai65F(RCF-tdT)/wt,,L6_IT_Car3,
1128402111,WT_C57BL/6J,pAAV-AiE0671m-minBG-SYFP2-WPRE3-BGHpA,L4_IT,RO
1168820317,Slc32a1-IRES-Cre/wt;Sncg-IRES2-FlpO/wt;Ai65(RCFL-tdT)/wt,,Sncg,
1212535612,WT_C57BL/6J,pAAV-AiE0390h-minBG-SYFP2-WPRE3-BGHpA,Astro,RO
1178961260,WT_C57BL/6J,pAAV-AiE0621h-minBG-SYFP2-WPRE3-BGHpA,Neuron_D3,RO
910325267,Ctxn3-IRES2-FlpO/wt;Ai65F(RCF-tdT)/wt,,L6_IT_Car3,
1226743698,WT_C57BL/6J,pAAV-AiE0459m-minBG-SYFP2-WPRE3-BGHpA,L5_ET,RO
1329442400,WT_C57BL/6J,pAAV-AiE2586m-minBG-SYFP2-WPRE3-BGHpA,L6b,RO
1377175755,Slco2a1-P2A-Cre/wt;Slc17a7-IRES2-FlpO-neo/wt;Ai65(RCFL-tdT)/wt,,L5_ET,
1222721401,WT_C57BL/6J,pAAV-AiE0841m-minBG-SYFP2-P2A-3XFLAG-10aa-H2B-WPRE3-BGHpA,MSN_Striosome,RO
1241095501,WT_C57BL/6J,pAAV-AiE0461m_3xC2-minBG-SYFP2-WPRE3-BGHpA,L5_ET,RO
1346490603,WT_C57BL/6J,pAAV-AiE0725m-minBG-SYFP2-WPRE3-BGHpA,L6b,RO
1342775164,WT_C57BL/6J,pAAV-AiE0460m_3xC1-minBG-SYFP2-WPRE3-BGHpA,L5_ET,RO
1194623857,WT_C57BL/6J,pAAV-AiE0050m_3xC2-minCMV-SYFP2-WPRE3-BGHpA,L4_IT,RO
1346264393,WT_C57BL/6J,pAAV-AiE0450h-minBG-SYFP2-WPRE3-BGHpA,MSN_D2,RO
1238735754,WT_C57BL/6J,pAAV-AiE1021h-minBG-SYFP2-P2A-3XFLAG-10aa-H2B-WPRE3-BGHpA,Pvalb_ChC,RO
861756666,Gpr139-IRES2-FlpO/wt;Ai65F(RCF-tdT)/wt,,L6_CT_VISp_Gpr139,
1385335641,Chodl-P2A-Cre/wt;RCL-H2B-GFP/wt,,Sst_Chodl,
1277939774,WT_C57BL/6J,pAAV-AiE1062q-minBG-SYFP2-P2A-3XFLAG-10aa-H2B-WPRE3-BGHpA,Cholinergic,RO
1365032734,WT_C57BL/6J,pAAV-AiE0073m-minBG-SYFP2-WPRE3-BGHpA,L4_IT,RO
1104387644,WT_C57BL/6J,pAAV-AiE0464m-minBG-SYFP2-WPRE3-BGHpA,L5_ET,RO
1198002277,WT_C57BL/6J,pAAV-3xSP10ins-AiE0351h-minRho-SYFP2-WPRE3-BGHpA,MSN,RO
1121856172,WT_C57BL/6J,pAAV-hsA2-AiE0128h-minRho-SYFP2-WPRE3-BGHpA,Pvalb,RO
1083308043,Sst-IRES-FlpO/wt;Ai224(TICL-NLS-EGFP-ICF-NLS-dT)-hyg/wt,,Sst_Chodl,
1314522412,WT_C57BL/6J,pAAV-AiE2569m-minBG-SYFP2-WPRE3-BGHpA,L2-3_IT,STX
1171894266,Chodl-P2A-Cre/wt;Sst-IRES-FlpO/wt;Ai195(TIT2L-GC7s-ICF-IRES-tTA2)-hyg/wt,,Sst_Chodl,
1003279362,Snap25-IRES2-Cre/wt;Slc17a7-IRES2-FlpO-neo/wt;Ai195(TIT2L-GC7s-ICF-IRES-tTA2)-hyg/wt,,Glutamatergic,
1301206373,WT_C57BL/6J,pAAV-AiE1246q-minBG-SYFP2-WPRE3-BGHpA,Cholinergic,RO
1124383626,WT_C57BL/6J,pAAV-AiE0058h_3xC2-minCMV-SYFP2-WPRE3-BGHpA,L4_IT,RO
1169582587,WT_C57BL/6J,pAAV-AiE0743m-minBG-SYFP2-WPRE3-BGHpA,Cholinergic,RO
854610725,Chrna6-IRES2-FlpO-WPRE/wt;Ai65F(RCF-tdT)/wt,,L5_ET_VISp_Chrna6,
1201111196,WT_C57BL/6J,pAAV-AiE0391h-minBG-SYFP2-WPRE3-BGHpA,Oligo,RO
1290017153,WT_C57BL/6J,pAAV-AiE0452m_3xC2-minBG-SYFP2-WPRE3-BGHpA,L5_ET,RO
1240649363,WT_C57BL/6J,pAAV-AiE0351h_3xC2-minRho-SYFP2-WPRE3-BGHpA,MSN,RO
1294953689,WT_C57BL/6J,pAAV-AiE2468m-minBG-SYFP2-WPRE3-BGHpA,Vip,RO
1284352065,WT_C57BL/6J,pAAV-AiE0512h-minBG-SYFP2-WPRE3-BGHpA,Sst_Chodl,RO
1229395083,Sncg-IRES2-FlpO-neo/wt;Ai193(TICL-EGFP-ICF-tdT)-hyg/wt,,Sncg,
1299472676,WT_C57BL/6J,pAAV-AiE2182m_3xC2-minBG-SYFP2-WPRE3-BGHpA,L4_IT,RO
1285671885,WT_C57BL/6J,pAAV-AiE2403m-minBG-SYFP2-WPRE3-BGHpA,L2-3_IT,RO
1161563043,WT_C57BL/6J,pAAV-AiE2121m-minBG-SYFP2-WPRE3-BGHpA,Astro,RO
1238485273,WT_C57BL/6J,pAAV-AiE1014h-minBG-SYFP2-P2A-3XFLAG-10aa-H2B-WPRE3-BGHpA,L5_ET,RO
1304394823,WT_C57BL/6J,pAAV-AiE2543m-minBG-SYFP2-WPRE3-BGHpA,L2-3_IT,RO
1192424808,WT_C57BL/6J,pAAV-AiE0589m-minBG-SYFP2-WPRE3-BGHpA,Pvalb,RO
1246979072,WT_C57BL/6J,pAAV-AiE0576h_3xC3-minBG-SYFP2-WPRE3-BGHpA,Glutamatergic,RO
1165012902,WT_C57BL/6J,pAAV-AiE0397m-minBG-SYFP2-WPRE3-BGHpA,Oligo,RO
1279903070,WT_C57BL/6J,pAAV-AiE0387h-minBG-SYFP2-WPRE3-BGHpA,Astro,RO
1068193902,Chodl-P2A-Cre/wt;Sst-IRES-FlpO/wt;Ai65(RCFL-tdT)/wt,,Sst_Chodl,
1119482870,WT_C57BL/6J,pAAV-AiE2010m-minBG-SYFP2-WPRE3-BGHpA,L6_IT_Car3,RO
1248074966,Cplx3-P2A-FlpO/wt;Ai193(TICL-EGFP-ICF-tdT)-hyg/wt,,L6b,
1262599341,WT_CD-1_IGS,pAAV-AiE0390h-minBG-SYFP2-WPRE3-BGHpA,Astro,ICV
1328817253,WT_C57BL/6J,pAAV-AiE0616h_3xC2b-minBG-SYFP2-WPRE3-BGHpA,MSN_D1,RO
1328530184,WT_C57BL/6J,pAAV-AiE0627h-minBG-SYFP2-WPRE3-BGHpA,MSN_D1,RO
1254017099,WT_C57BL/6J,pAAV-AiE0486m-minBG-SYFP2-WPRE3-BGHpA,L6b,RO
1392937608,WT_C57BL/6J,pAAV-AiE1014h_3xC3-minBG-SYFP2-P2A-3XFLAG-10aa-H2B-WPRE3-BGHpA,L5_ET,RO
1293746326,WT_C57BL/6J,pAAV-AiE2387m-minBG-SYFP2-WPRE3-BGHpA,L5_ET,RO
1291841276,WT_C57BL/6J,pAAV-AiE2333m-minBG-SYFP2-WPRE3-BGHpA,L6_IT_Car3,RO
1261691143,Ai14(RCL-tdT)/wt,pAAV-AiE0621h-minBG-iCre(R297T)-BGHpA,Neuron_D3,RO
1364468868,Ai14(RCL-tdT)/wt,pAAV-AiE2103m-minBG-iCre(R297T)-BGHpA,Lamp5_Lhx6,RO
1250761217,WT_C57BL/6J,pAAV-AiE0445h_3xC2-minBG-jGCaMP8m-WPRE3-BGHpA,MSN_D2,RO
1210837847,WT_C57BL/6J,pAAV-AiE2004m-minBG-SYFP2-WPRE3-BGHpA,L5_ET,STX
1387095447,Chodl-P2A-Cre/wt;Ai14(RCL-tdT)/wt,,Sst_Chodl,
1216983303,WT_C57BL/6J,pAAV-AiE0606h-minBG-SYFP2-WPRE3-BGHpA,Glutamatergic,RO
1310659608,Ai14(RCL-tdT)/wt,pAAV-AiE0621h-minBG-iCre(R297T)-BGHpA,Neuron_D3,RO
1118067157,WT_C57BL/6J,pAAV-AiE0610h-minBG-SYFP2-WPRE3-BGHpA,MSN_D1,RO
1180319815,WT_C57BL/6J,pAAV-AiE0445h-minBG-SYFP2-WPRE3-BGHpA,MSN_D2,RO
1158652203,WT_C57BL/6J,pAAV-AiE2119m-minBG-SYFP2-WPRE3-BGHpA,Astro,RO
1331892295,Slc32a1-IRES-Cre/wt;Lamp5-P2A-FlpO/wt;Ai210(TITL-GC7f-ICF-IRES-tTA2)/wt,,Lamp5,
1162937479,Rxfp1-P2A-Cre/wt,,L6_IT_Car3,
1345670251,WT_CD-1_IGS,pAAV-AiE2454m-minBG-SYFP2-WPRE3-BGHpA,Oligo,ICV
981744010,Slc17a8-IRES2-Cre-neo/wt;Sncg-IRES2-FlpO/wt;Ai193(TICL-EGFP-ICF-tdT)-hyg/wt,,Sncg | L5-6_NP,
1279855012,WT_C57BL/6J,pAAV-AiE2347m-minBG-SYFP2-WPRE3-BGHpA,L6_IT,RO
1199425658,WT_C57BL/6J,pAAV-AiE0361h-minBG-SYFP2-WPRE3-BGHpA,Oligo,RO
1379055381,WT_C57BL/6J,pAAV-AiE2524m-minBG-SYFP2-WPRE3-BGHpA,L5_ET,RO
998400806,Rxfp1-P2A-Cre/wt;Ai14(RCL-tdT)/wt,,L6_IT_Car3,
1207953026,WT_C57BL/6J,pAAV-AiE2004m-minBG-SYFP2-WPRE3-BGHpA,L5_ET,RO
1227595348,Sncg-IRES2-FlpO-neo/wt;Ai193(TICL-EGFP-ICF-tdT)-hyg/wt,,Sncg,
1200322662,WT_C57BL/6J,pAAV-AiE0400m_3xC2-minBG-SYFP2-WPRE3-BGHpA,Oligo,RO
1121227577,WT_C57BL/6J,pAAV-hsA2-AiE0082h-minRho-SYFP2-WPRE3-BGHpA,Pvalb,RO
1119035266,WT_C57BL/6J,pAAV-AiE2088m-minBG-SYFP2-WPRE3-BGHpA,Vip,RO
1289102409,WT_C57BL/6J,pAAV-AiE2404m-minBG-SYFP2-WPRE3-BGHpA,L4_IT,RO
1081866567,Chodl-P2A-Cre/wt;Ai224(TICL-NLS-EGFP-ICF-NLS-dT)-hyg/wt,,Sst_Chodl,
1275135504,WT_C57BL/6J,pAAV-AiE0982h-minBG-SYFP2-P2A-3XFLAG-10aa-H2B-WPRE3-BGHpA,L5-6_NP,RO
1277596790,WT_C57BL/6J,pAAV-AiE1063q-minBG-SYFP2-P2A-3XFLAG-10aa-H2B-WPRE3-BGHpA,Cholinergic,RO
1343675007,WT_CD-1_IGS,pAAV-hsA2-AiE0219h-minRho-SYFP2-WPRE3-BGHpA,Vip,ICV
1223213614,Ai193(TICL-EGFP-ICF-tdT)-hyg/wt,pAAV-AiE0050m_3xC2-minBG-iCre(R297T)-BGHpA,L4_IT,RO
1250760916,WT_C57BL/6J,pAAV-AiE2051m_3xC2-minBG-SYFP2-WPRE3-BGHpA,L6_IT_Car3,RO
1395327723,Ai14(RCL-tdT)/wt,pAAV-AiE2182m_3xC2-minBG-iCre(R297T)-BGHpA,L4_IT,RO
768608762,Ctxn3-IRES2-FlpO-neo/wt;Ai65F(RCF-tdT)/wt,,L6_IT_Car3,
1300536971,WT_C57BL/6J,pAAV-AiE1221q-minBG-SYFP2-WPRE3-BGHpA,D1_ICj,RO
1085232564,Chodl-P2A-Cre/wt;Ai224(TICL-NLS-EGFP-ICF-NLS-dT)-hyg/wt,,Sst_Chodl,
1330654699,WT_C57BL/6J,pAAV-AiE2582m-minBG-SYFP2-WPRE3-BGHpA,L6_IT_Car3,RO
1289952285,WT_C57BL/6J,pAAV-AiE0452m_3xC1-minBG-SYFP2-WPRE3-BGHpA,L5_ET,RO
1192500982,WT_C57BL/6J,pAAV-AiE0590m-minBG-SYFP2-WPRE3-BGHpA,Pvalb,RO
1179856192,WT_C57BL/6J,pAAV-AiE0888m-minBG-SYFP2-P2A-3XFLAG-10aa-H2B-WPRE3-BGHpA,Dopaminergic,RO
817841543,Gpr139-IRES2-FlpO-WPRE/wt;Ai65F(RCF-tdT)/wt,,L6_CT_VISp_Gpr139,
1298693157,WT_C57BL/6J,pAAV-AiE0661m-minBG-SYFP2-WPRE3-BGHpA,L5_ET,RO
1262463669,Slc32a1-IRES-Cre/wt;Lamp5-P2A-FlpO/wt;Ai65(RCFL-tdT)/wt,,Lamp5,
1344134733,WT_C57BL/6J,pAAV-AiE2587m-minBG-SYFP2-WPRE3-BGHpA,L6b,RO
1267929882,WT_C57BL/6J,pAAV-AiE2339m-minBG-SYFP2-WPRE3-BGHpA,L6_IT_Car3,RO
1124033302,WT_C57BL/6J,pAAV-hsA2-AiE0226h-minRho-SYFP2-WPRE3-BGHpA,Sst,RO
784177123,Gpr139-IRES2-FlpO/wt;Ai65F(RCF-tdT)/wt,,L6_CT_VISp_Gpr139,
1065982362,Cplx3-P2A-FlpO/wt;Ai65F(RCF-tdT)/wt,,L6b,
1284586710,WT_C57BL/6J,pAAV-AiE2395m-minBG-SYFP2-WPRE3-BGHpA,L6b,RO
761400325,Chrna6-IRES2-FlpO-neo/wt;Ai65F(RCF-tdT)/wt,,L5_ET_VISp_Chrna6,
1181744284,WT_C57BL/6J,pAAV-AiE0445h_3xC2-minBG-SYFP2-WPRE3-BGHpA,MSN_D2,RO
1226234439,WT_C57BL/6J,pAAV-AiE0868m-minBG-SYFP2-P2A-3XFLAG-10aa-H2B-WPRE3-BGHpA,Cholinergic,RO
1109210299,WT_C57BL/6J,pAAV-AiE0444h-minBG-SYFP2-WPRE3-BGHpA,MSN_D2,RO
1291996939,WT_C57BL/6J,pAAV-AiE0468m_3xC2-minBG-SYFP2-WPRE3-BGHpA,Sst_Chodl,RO
1183990916,WT_C57BL/6J,pAAV-AiE2160m-minBG-SYFP2-WPRE3-BGHpA,Astro,RO
1285401055,WT_C57BL/6J,pAAV-AiE2564m-minBG-SYFP2-WPRE3-BGHpA,L6_CT,RO
1292298425,WT_C57BL/6J,pAAV-AiE1249q-minBG-SYFP2-WPRE3-BGHpA,Cholinergic,RO
1385099784,Rxfp1-P2A-Cre/wt;RCL-H2B-GFP/wt,,L6_IT_Car3,
1111175209,WT_C57BL/6J,pAAV-AiE0779m-minBG-SYFP2-WPRE3-BGHpA,MSN_D1,RO
1291242407,WT_C57BL/6J,pAAV-3xSP10ins-AiE0354h_3xC2-minRho-SYFP2-WPRE3-BGHpA,Vip,RO
1128000241,WT_C57BL/6J,pAAV-AiE0458m-minBG-SYFP2-WPRE3-BGHpA,L5_ET,RO
1174510272,WT_C57BL/6J,pAAV-AiE0486m_3xC2-minBG-SYFP2-WPRE3-BGHpA,L6b,RO
1217171761,WT_C57BL/6J,pAAV-AiE0049m-minCMV-SYFP2-WPRE3-BGHpA,L4_IT,RO
1252291826,WT_C57BL/6J,pAAV-AiE0492m-minBG-SYFP2-WPRE3-BGHpA,Sncg,ICV
1052386590,Slc32a1-IRES-Cre/wt;Lamp5-P2A-FlpO/wt;Ai65(RCFL-tdT)/wt,,Lamp5,
1294330838,Ai14(RCL-tdT)/wt,pAAV-AiE2114m-iCre-HGHpA,L5-6_NP,RO
1272213859,WT_C57BL/6J,pAAV-AiE1223q-minBG-SYFP2-WPRE3-BGHpA,D1_ICj,RO
1283459168,WT_C57BL/6J,pAAV-AiE2493m-minBG-SYFP2-WPRE3-BGHpA,L5_IT,RO
1312419016,Ai14(RCL-tdT)/Ai14(RCL-tdT),pAAV-EF1a-DIO-EGFP | pAAV-AiE2543m-minBG-iCre(R297T)-BGHpA,L2-3_IT,STX
1030880167,Chodl-P2A-Cre/wt;Ai14(RCL-tdT)/wt,,Sst_Chodl,
1344836690,Ai14(RCL-tdT)/wt,pAAV-AiE2135m-minBG-iCre-BGHpA,Endo,RO
1381109374,Ai14(RCL-tdT)/wt,pAAV-AiE0710m-minBG-iCre(R297T)-BGHpA,Pvalb_ChC,RO
1177899087,WT_C57BL/6J,pAAV-3xSP10ins-AiE0356h-minRho-SYFP2-WPRE3-BGHpA,Vip,RO
1225144325,WT_C57BL/6J,pAAV-AiE0710m-minBG-SYFP2-WPRE3-BGHpA,Pvalb_ChC,RO
1191687562,WT_C57BL/6J,pAAV-AiE0897m-minBG-SYFP2-P2A-3XFLAG-10aa-H2B-WPRE3-BGHpA,Dopaminergic,RO
1274787771,WT_C57BL/6J,pAAV-AiE0674m-minBG-SYFP2-WPRE3-BGHpA,L5_ET,RO
1277117492,Slc32a1-IRES-Cre/wt,pAAV-AiE0447h-minBG-DIO-SYFP2-WPRE3-BGHpA,MSN_D1,RO
1121585094,WT_C57BL/6J,pAAV-AiE0140h_3xC2-minBG-SYFP2-WPRE3-BGHpA,Pvalb,RO
1175239516,WT_C57BL/6J,pAAV-AiE2114m-minBG-SYFP2-WPRE3-BGHpA,L5-6_NP,RO
809353295,Batf3-IRES2-FlpO-WPRE-neo/wt;Ai65F(RCF-tdT)/wt,,L5_IT_VISp_Batf3,
1309312525,WT_C57BL/6J,pAAV-AiE1279q-minBG-SYFP2-WPRE3-BGHpA,Dopaminergic,RO
1119645407,WT_C57BL/6J,pAAV-AiE2013m-minBG-SYFP2-WPRE3-BGHpA,L6_IT,RO
1309912435,Ai14(RCL-tdT)/wt,pAAV-AiE0452h-minBG-iCre(R297T)-BGHpA,MSN_D2,RO
1387960858,Cplx3-P2A-FlpO/wt;Ai223(TITL-HaloTag-F-ICF-mScarlet-H2B-P2A-C22tTA2)-hyg/wt,,L6b,
1394829341,Cplx3-P2A-FlpO/wt;Ai223(TITL-HaloTag-F-ICF-mScarlet-H2B-P2A-C22tTA2)-hyg/wt,,L6b,
1274881802,WT_C57BL/6J,pAAV-AiE0696m-minBG-SYFP2-WPRE3-BGHpA,L5_ET,RO
1264665898,WT_CD-1_IGS,pAAV-AiE0376h-minBG-SYFP2-WPRE3-BGHpA,Astro,ICV
1219690843,WT_C57BL/6J,pAAV-AiE0963m-minBG-SYFP2-P2A-3XFLAG-10aa-H2B-WPRE3-BGHpA,L5-6_NP,RO
1332646914,Ai14(RCL-tdT)/wt,pAAV-AiE0140h-minBG-iCre-4X2C-WPRE3-BGHpA,Pvalb,RO
1177007080,WT_C57BL/6J,pAAV-hDLX_C2.1-minBG-SYFP2-WPRE3-BGHpA,GABAergic,RO
1179644244,WT_C57BL/6J,pAAV-AiE2122m-minBG-SYFP2-WPRE3-BGHpA,Astro,RO
1275829743,WT_C57BL/6J,pAAV-AiE0127m-minBG-SYFP2-WPRE3-BGHpA,Sst_Chodl,RO
1006987408,Ai193(TICL-EGFP-ICF-tdT)-hyg/wt,pAAV-AiE2004m-minBG-iCre-HGHpA,L5_ET,RO
1222969514,WT_C57BL/6J,pAAV-AiE1004h-minBG-SYFP2-P2A-3XFLAG-10aa-H2B-WPRE3-BGHpA,MSN_Striosome,RO
1341112989,WT_C57BL/6J,pAAV-AiE1279q-minBG-SYFP2-WPRE3-BGHpA,Dopaminergic,RO
1125257658,WT_C57BL/6J,pAAV-AiE0410m-minBG-SYFP2-WPRE3-BGHpA,Oligo,RO
1252774654,WT_C57BL/6J,pAAV-AiE0170h-minBG-SYFP2-WPRE3-BGHpA,Sst,ICV
1210836881,WT_C57BL/6J,pAAV-AiE0888m_C4-minBG-SYFP2-WPRE3-BGHpA,Dopaminergic,RO
1285852977,WT_C57BL/6J,pAAV-AiE2530m-minBG-SYFP2-WPRE3-BGHpA,Pax6,RO
1209108172,WT_C57BL/6J,pAAV-AiE2118m-minBG-SYFP2-WPRE3-BGHpA,Astro,RO
1269045987,WT_C57BL/6J,pAAV-AiE0671m_3xC2-minBG-SYFP2-WPRE3-BGHpA,L4_IT,RO
1333755022,WT_C57BL/6J,pAAV-AiE1026h-minBG-SYFP2-P2A-3XFLAG-10aa-H2B-WPRE3-BGHpA,MSN_D2,RO
1061115012,Snap25-IRES2-Cre/wt;Slc17a7-IRES2-FlpO-neo/wt;Ai211(TITL-ChrimsonR-tdT-Kv2.1-ICF-IRES-tTA2)-hyg/wt,,Glutamatergic,
1348644655,WT_C57BL/6J,pAAV-AiE1424m-minBG-SYFP2-P2A-3XFLAG-10aa-H2B-WPRE3-BGHpA,Pvalb_Pthlh,RO
1198774028,WT_C57BL/6J,pAAV-AiE0462m-minBG-SYFP2-WPRE3-BGHpA,L5_ET,STX
758778306,Gpr139-IRES2-FlpO-neo/wt;Ai65F(RCF-tdT)/wt,,L6_CT_VISp_Gpr139,
1193153790,WT_C57BL/6J,pAAV-AiE0961h-minBG-SYFP2-P2A-3XFLAG-10aa-H2B-WPRE3-BGHpA,MSN,RO
1369804835,WT_C57BL/6J,pAAV-AiE0452h-minBG-SYFP2-P2A-mScarlet-10aa-H2B-WPRE3-BGHpA,MSN_D2,RO
1262945139,WT_CD-1_IGS,pAAV-AiE0375m-minBG-SYFP2-WPRE3-BGHpA,Astro,ICV
1254238546,WT_C57BL/6J,pAAV-AiE0841m-minBG-SYFP2-P2A-3XFLAG-10aa-H2B-WPRE3-BGHpA,MSN_Striosome,RO
1194579776,WT_C57BL/6J,pAAV-AiE0603m-minBG-SYFP2-WPRE3-BGHpA,L5_ET,RO
1120223578,WT_C57BL/6J,pAAV-AiE0743m-minBG-SYFP2-WPRE3-BGHpA,Cholinergic,RO
1177650400,WT_C57BL/6J,pAAV-AiE0071h-minBG-SYFP2-WPRE3-BGHpA,Sncg,RO
1247485409,Slc17a7-IRES2-FlpO-neo/wt;Ai227(TICF-NLS-EGFP-ICF-tdT-WPRE)-hyg/wt,,Glutamatergic,
1237577498,WT_C57BL/6J,pAAV-AiE0879m-minBG-SYFP2-P2A-3XFLAG-10aa-H2B-WPRE3-BGHpA,MSN,RO
1005230289,Batf3-IRES2-FlpO-WPRE-neo/wt;Ai65F(RCF-tdT)/wt,,L5_IT_VISp_Batf3,
1332342997,WT_C57BL/6J,pAAV-AiE2615m-SYFP2-WPRE3-BGHpA,L6_CT,RO
1244104828,WT_C57BL/6J,pAAV-AiE0483m-minBG-SYFP2-WPRE3-BGHpA,Vip,RO
1124377984,WT_C57BL/6J,pAAV-AiE0467m-minBG-SYFP2-WPRE3-BGHpA,Sst_Chodl,RO
1125916380,WT_C57BL/6J,pAAV-hsA2-AiE0078m_3xC2-minRho-SYFP2-WPRE3-BGHpA,L4_IT,ICV
1260775852,WT_C57BL/6J,pAAV-AiE0682h_3xC2-minBG-SYFP2-WPRE3-BGHpA,Sst_Chodl,RO
1166001537,WT_C57BL/6J,pAAV-AiE0400m-minBG-SYFP2-WPRE3-BGHpA,Oligo,RO
1376569458,Slco2a1-P2A-Cre/wt;Slc17a7-IRES2-FlpO-neo/wt;Ai65(RCFL-tdT)/wt,,L5_ET,
1364469168,Ai14(RCL-tdT)/wt,pAAV-AiE2116m-minBG-iCre(R297T)-BGHpA,L5-6_NP,RO
1194139746,WT_C57BL/6J,pAAV-AiE1015h-minBG-SYFP2-P2A-3XFLAG-10aa-H2B-WPRE3-BGHpA,Lamp5,RO
1176558399,WT_C57BL/6J,pAAV-AiE0779m-minBG-SYFP2-WPRE3-BGHpA,MSN_D1,RO
1306390597,WT_C57BL/6J,pAAV-AiE2538m-minBG-SYFP2-WPRE3-BGHpA,Sncg,RO
1316020247,WT_C57BL/6J,pAAV-AiE2569m-minBG-SYFP2-WPRE3-BGHpA,L2-3_IT,RO
1169117535,WT_C57BL/6J,pAAV-AiE0589m-minBG-SYFP2-WPRE3-BGHpA,Pvalb,RO
1151666609,Slc32a1-IRES-Cre/wt;Lamp5-P2A-FlpO/wt;Ai195(TIT2L-GC7s-ICF-IRES-tTA2)-hyg/wt,,Lamp5,
1099711646,WT_C57BL/6J,pAAV-AiE0462m-minBG-SYFP2-WPRE3-BGHpA,L5_ET,RO
1348106088,WT_C57BL/6J,pAAV-AiE0519h-minBG-SYFP2-WPRE3-BGHpA,Sst,RO
1290784348,WT_C57BL/6J,pAAV-AiE0464m_3xC2-minBG-SYFP2-WPRE3-BGHpA,L5_ET,RO
1292751078,WT_C57BL/6J,pAAV-AiE0940m-minBG-SYFP2-P2A-3XFLAG-10aa-H2B-WPRE3-BGHpA,L2-3_IT,RO
1372310689,Ai14(RCL-tdT)/wt,pAAV-AiE0774m-minBG-iCre(R297T)-BGHpA,L6_IT_Car3,RO
1167393522,Slc17a7-IRES2-FlpO-neo/wt;Ai193(TICL-EGFP-ICF-tdT)-hyg/wt,,Glutamatergic,
1307938588,WT_C57BL/6J,pAAV-AiE1042h-minBG-SYFP2-P2A-3XFLAG-10aa-H2B-WPRE3-BGHpA,Dopaminergic,RO
1220557715,WT_C57BL/6J,pAAV-AiE0121h_3xC2-minBG-SYFP2-WPRE3-BGHpA,L5_ET,RO
1249724933,Cplx3-P2A-FlpO/wt;Ai227(TICF-NLS-EGFP-ICF-tdT-WPRE)-hyg/wt,,L6b,
1343859852,WT_C57BL/6J,pAAV-AiE1417m-minBG-SYFP2-P2A-3XFLAG-10aa-H2B-WPRE3-BGHpA,Pvalb_Pthlh,RO
1229171965,WT_C57BL/6J,pAAV-AiE0456m-minBG-SYFP2-WPRE3-BGHpA,L5_ET,RO
1295343863,WT_C57BL/6J,pAAV-AiE2326m-minBG-SYFP2-WPRE3-BGHpA,Dopaminergic,RO
1214996133,Ai193(TICL-EGFP-ICF-tdT)-hyg/wt,pAAV-AiE0682h-minBG-FlpO-4X2C-WPRE3-BGHpA,Sst_Chodl,RO
1135359789,Cpne4-P2A-FlpO/wt;Ai65F(RCF-tdT)/wt,,L6_IT_Car3,
1282680934,WT_C57BL/6J,pAAV-AiE0583m-minBG-SYFP2-WPRE3-BGHpA,L5_ET,RO
1226481907,WT_C57BL/6J,pAAV-AiE0980h-minBG-SYFP2-P2A-3XFLAG-10aa-H2B-WPRE3-BGHpA,L5-6_NP,RO
1214551845,Ai193(TICL-EGFP-ICF-tdT)-hyg/Ai193(TICL-EGFP-ICF-tdT)-hyg,pAAV-AiE0682h-minBG-FlpO-4X2C-WPRE3-BGHpA,Sst_Chodl,RO
1332850299,Ai14(RCL-tdT)/wt,pAAV-AiE0140h-minBG-iCre-4X2C-WPRE3-BGHpA,Pvalb,RO
1294272748,WT_C57BL/6J,pAAV-AiE2465m-minBG-SYFP2-WPRE3-BGHpA,Vip,RO
1067206994,Chodl-P2A-Cre/wt;Sst-IRES-FlpO/wt;Ai65(RCFL-tdT)/wt,,Sst_Chodl,
1340404852,WT_C57BL/6J,pAAV-AiE0548h-minBG-SYFP2-WPRE3-BGHpA,L4_IT,RO
1256864811,Slc32a1-IRES-Cre/wt;Lamp5-P2A-FlpO/wt;Ai65(RCFL-tdT)/Ai65(RCFL-tdT),,Lamp5,
1110988520,WT_C57BL/6J,pAAV-AiE0447h-minBG-SYFP2-WPRE3-BGHpA,MSN_D1,RO
1294328330,WT_C57BL/6J,pAAV-AiE2467m-minBG-SYFP2-WPRE3-BGHpA,Vip,RO
1279523991,WT_CD-1_IGS,pAAV-hsA2-AiE0121h-minRho-SYFP2-WPRE3-BGHpA,L5_ET,ICV
1363951897,WT_C57BL/6J,pAAV-AiE2586m-minBG-iCre(R297T)-BGHpA | pAAV-CamKIIa-DIO-SYFP2-WPRE3-BGHpA,L6b,RO
1340582134,Ai14(RCL-tdT)/wt,pAAV-AiE0458m-minBG-iCre(R297T)-BGHpA,L5_ET,RO
1115500219,WT_C57BL/6J,pAAV-3xSP10ins-AiE0367h_3xC2-minRho-SYFP2-WPRE3-BGHpA,MSN,RO
1341188259,WT_C57BL/6J,pAAV-AiE1191m-minBG-SYFP2-P2A-3XFLAG-10aa-H2B-WPRE3-BGHpA,MSN,RO
1340924660,Ctgf-T2A-dgCre/wt;Cplx3-P2A-FlpO/wt;Ai224(TICL-NLS-EGFP-ICF-NLS-dT)-hyg/wt,,L6b,
1265250859,WT_CD-1_IGS,pAAV-AiE2160m-minBG-SYFP2-WPRE3-BGHpA,Astro,ICV
1240387499,WT_C57BL/6J,pAAV-AiE0897m-minBG-SYFP2-P2A-3XFLAG-10aa-H2B-WPRE3-BGHpA,Dopaminergic,RO
1263343692,Ai14(RCL-tdT)/wt,pAAV-AiE0452h-minBG-iCre(R297T)-BGHpA,MSN_D2,RO
1121959494,WT_C57BL/6J,pAAV-hsA2-AiE0140h-minRho-SYFP2-WPRE3-BGHpA,Pvalb,RO
1275058699,WT_C57BL/6J,pAAV-hsA2-AiE0140h-minRho-SYFP2-4X2C-WPRE-HGHpA,Pvalb,RO
1244591049,WT_C57BL/6J,pAAV-AiE0475m_3xC2-minBG-SYFP2-WPRE3-BGHpA,Pvalb_ChC,ICV
1363301006,Chodl-P2A-Cre/wt; Sst-IRES-FlpO/wt; Ai211(TITL-ChrimsonR-tdT-Kv2.1-ICF-IRES-tTA2)-hyg/wt,,Sst_Chodl,
1162290009,Hpse-P2A-Cre/wt;Sst-IRES-FlpO/wt;Ai65(RCFL-tdT)/wt,,Sst_Hpse_Cbln4,
1289102705,WT_C57BL/6J,pAAV-3xSP10ins-hDLX_C2.1-minRho-SYFP2-WPRE3-BGHpA,GABAergic,RO
1237805467,WT_C57BL/6J,pAAV-AiE0576h_3xC3-minBG-SYFP2-WPRE3-BGHpA,Glutamatergic,RO
1382345129,WT_C57BL/6J,pAAV-AiE0951h-minBG-SYFP2-P2A-3XFLAG-10aa-H2B-WPRE3-BGHpA,Neuron_D3,RO
1307753546,WT_C57BL/6J,pAAV-AiE1280q-minBG-SYFP2-WPRE3-BGHpA,Dopaminergic,RO
1123118252,WT_C57BL/6J,pAAV-AiE0480m-minBG-SYFP2-WPRE3-BGHpA,Sncg,RO
1344458328,WT_C57BL/6J,pAAV-AiE1425m-minBG-SYFP2-P2A-3XFLAG-10aa-H2B-WPRE3-BGHpA,Sst_Chodl,RO
1194843596,WT_C57BL/6J,pAAV-AiE0049m-minCMV-SYFP2-WPRE3-BGHpA,L4_IT,RO
1052620527,Slc32a1-IRES-Cre/wt;Lamp5-P2A-FlpO/wt;Ai65(RCFL-tdT)/wt,,Lamp5,
1384883266,Rxfp1-P2A-Cre/wt;RCL-H2B-GFP/wt,,L6_IT_Car3,
1116879835,WT_C57BL/6J,pAAV-AiE0617h-minBG-SYFP2-WPRE3-BGHpA,MSN_D2,RO
1306053135,WT_C57BL/6J,pAAV-AiE2182m_3xC2-minBG-SYFP2-WPRE3-BGHpA,L4_IT,RO
1273626370,WT_C57BL/6J,pAAV-AiE1003h-minBG-SYFP2-P2A-3XFLAG-10aa-H2B-WPRE3-BGHpA,MSN_Striosome,RO
1267695666,Slco2a1-P2A-Cre/wt;Slc17a7-IRES2-FlpO-neo/wt;Ai224(TICL-NLS-EGFP-ICF-NLS-dT)-hyg/wt,,L5_ET,
1254867885,WT_C57BL/6J,pAAV-AiE1014h-minBG-SYFP2-P2A-3XFLAG-10aa-H2B-WPRE3-BGHpA,L5_ET,RO
1293485676,WT_C57BL/6J,pAAV-AiE2304m-minBG-SYFP2-WPRE3-BGHpA,Serotonergic,RO
1388019703,Cplx3-P2A-FlpO/wt;Ai223(TITL-HaloTag-F-ICF-mScarlet-H2B-P2A-C22tTA2)-hyg/wt,,L6b,
1368629386,WT_C57BL/6J,pAAV-AiE0226h_3xC3-minBG-SYFP2-4xmiR187TS-WPRE3-BGHpA,Sst,RO
1347816711,WT_C57BL/6J,pAAV-AiE1421m-minBG-SYFP2-P2A-3XFLAG-10aa-H2B-WPRE3-BGHpA,Pvalb_Pthlh,RO
1176557484,WT_C57BL/6J,pAAV-AiE0769m-minBG-SYFP2-WPRE3-BGHpA,Endo,RO
1219335258,WT_C57BL/6J,pAAV-AiE0475m_3xC1-minBG-SYFP2-WPRE3-BGHpA,Pvalb_ChC,RO
1287286851,WT_CD-1_IGS,pAAV-AiE0073m-minBG-SYFP2-WPRE3-BGHpA,L4_IT,ICV
1282106392,WT_C57BL/6J,pAAV-AiE0077h-minBG-SYFP2-WPRE3-BGHpA,L2-3_IT,RO
1174721392,WT_C57BL/6J,pAAV-AiE0779m_3xC2-minBG-ChR2(H134R)-EYFP-P2A-dTomato-10aa-H2B-WPRE3-BGHpA,MSN_D1,RO
1123816923,WT_C57BL/6J,pAAV-AiE0226h_3xC3-minBG-SYFP2-WPRE3-BGHpA,Sst,RO
1175682433,WT_C57BL/6J,pAAV-AiE0772m-minBG-SYFP2-WPRE3-BGHpA,L6_IT_Car3,RO
1124229432,WT_C57BL/6J,pAAV-AiE0050m_3xC2-minCMV-SYFP2-WPRE3-BGHpA,L4_IT,RO
1170385218,WT_C57BL/6J,pAAV-3xSP10ins-AiE0354m-minRho-SYFP2-WPRE3-BGHpA,Vip,ICV
1269598853,WT_CD-1_IGS,pAAV-ExE0582m-minBG-SYFP2-WPRE3-BGHpA,L6_IT_Car3,ICV
1308943664,WT_C57BL/6J,pAAV-AiE1255q-minBG-SYFP2-WPRE3-BGHpA,Sst_Chodl,RO
1170198830,WT_C57BL/6J,pAAV-AiE2152m-minBG-SYFP2-WPRE3-BGHpA,Pvalb_ChC,RO
1198001978,WT_C57BL/6J,pAAV-AiE2004m_3xC2-minCMV-SYFP2-WPRE3-BGHpA,L5_ET,STX
1330232858,WT_C57BL/6J,pAAV-AiE0519h-minBG-SYFP2-WPRE3-BGHpA,Sst,RO
1098672718,WT_C57BL/6J,pAAV-AiE0451m-minBG-SYFP2-WPRE3-BGHpA,L5_ET,RO
1269114167,WT_CD-1_IGS,pAAV-hsA2-AiE0219h-minRho-SYFP2-WPRE3-BGHpA,Vip,ICV
1265480472,WT_CD-1_IGS,pAAV-AiE0400h-minBG-SYFP2-WPRE3-BGHpA,Oligo,ICV
1298553550,WT_C57BL/6J,pAAV-AiE1226q-minBG-SYFP2-WPRE3-BGHpA,D1_ICj,RO
1221876681,WT_C57BL/6J,pAAV-AiE0869m-minBG-SYFP2-P2A-3XFLAG-10aa-H2B-WPRE3-BGHpA,Cholinergic,RO
1371457058,WT_C57BL/6J,scAAV-AiE0017h-minBG-SYFP2-WPRE3-BGHpA,Sst,RO
1282490467,WT_C57BL/6J,pAAV-AiE2342m-minBG-SYFP2-WPRE3-BGHpA,Sst,RO
1380742602,Slco2a1-P2A-Cre/wt;Slc17a7-IRES2-FlpO-neo/wt;Ai65(RCFL-tdT)/wt,,L5_ET,
1202423792,Hpse-P2A-Cre/wt;Slc32a1-T2A-FlpO/wt;Ai65(RCFL-tdT)/wt,,Sst_Hpse_Cbln4,
1297987579,WT_C57BL/6J,pAAV-hsA2-AiE0025m-minRho-SYFP2-WPRE3-BGHpA,Lamp5,RO
1285449088,WT_C57BL/6J,pAAV-AiE0226h_3xC2-minBG-SYFP2-WPRE3-BGHpA,Sst,RO
1380233788,WT_C57BL/6J,pAAV-hsA2-AiE0086m-minRho-SYFP2-WPRE3-BGHpA,Pvalb,RO
1226484329,Ai14(RCL-tdT)/wt,pAAV-hDLX-minBG-iCre-4X2C-WPRE3-BGHpA,GABAergic,RO
1084334831,Chodl-P2A-Cre/wt;Sst-IRES-FlpO/wt;Ai224(TICL-NLS-EGFP-ICF-NLS-dT)-hyg/wt,,Sst_Chodl,
1161563343,Ai193(TICL-EGFP-ICF-tdT)-hyg/wt,pAAV-AiE2057m-minBG-iCre,L6_IT_Car3,RO
1124166146,WT_C57BL/6J,pAAV-AiE0064h-minBG-SYFP2-WPRE3-BGHpA,Pvalb,RO
1141394338,WT_C57BL/6J,pAAV-AiE0459m-minBG-SYFP2-WPRE3-BGHpA,L5_ET,RO
1384289785,Rxfp1-P2A-Cre/wt;RCL-H2B-GFP/wt,,L6_IT_Car3,
1084815817,Sst-IRES-FlpO/wt;Ai224(TICL-NLS-EGFP-ICF-NLS-dT)-hyg/wt,,Sst_Chodl,
1187644614,WT_C57BL/6J,pAAV-AiE2100m-minBG-SYFP2-WPRE3-BGHpA,Lamp5,RO
1278171530,WT_C57BL/6J,pAAV-AiE0512h_3xC3-minBG-SYFP2-WPRE3-BGHpA,Sst_Chodl,RO
1291006385,WT_C57BL/6J,pAAV-AiE0464m_3xC3-minBG-SYFP2-WPRE3-BGHpA,L5_ET,RO
1182607599,WT_C57BL/6J,pAAV-AiE0387m-minBG-SYFP2-WPRE3-BGHpA,Astro,RO
1214364717,WT_C57BL/6J,pAAV-AiE0621h-minBG-SYFP2-WPRE3-BGHpA,Neuron_D3,RO
1287572013,WT_CD-1_IGS,pAAV-ExE0582m-minBG-SYFP2-WPRE3-BGHpA,L6_IT_Car3,ICV
1248858734,WT_C57BL/6J,pAAV-AiE0717h-minBG-SYFP2-WPRE3-BGHpA,L5-6_NP,RO
1187430212,WT_C57BL/6J,pAAV-AiE0452m-minBG-SYFP2-WPRE3-BGHpA,L5_ET,RO
1367197648,WT_C57BL/6J,pAAV-AiE2473m-SYFP2-WPRE3-BGHpA,Vip,RO
1285182921,WT_C57BL/6J,pAAV-AiE0444h_3xC2-minBG-SYFP2-WPRE3-BGHpA,MSN_D2,RO
1342955357,WT_C57BL/6J,pAAV-AiE2472m-minBG-SYFP2-WPRE3-BGHpA,Sst_Chodl,RO
1223212491,WT_C57BL/6J,pAAV-AiE0998h-minBG-SYFP2-P2A-3XFLAG-10aa-H2B-WPRE3-BGHpA,MSN_Striosome,RO
1257716662,WT_C57BL/6J,pAAV-AiE2051m_C2-minBG-SYFP2-WPRE3-BGHpA,L6_IT_Car3,RO
1252071263,Cplx3-P2A-FlpO/wt;Ai193(TICL-EGFP-ICF-tdT)-hyg/wt,,L6b,
1167592286,Chrna6-IRES2-FlpO-WPRE-neo/wt;Ai193(TICL-EGFP-ICF-tdT)-hyg/wt,,L5_ET_VISp_Chrna6,
1175682734,WT_C57BL/6J,pAAV-hsA2-AiE0104m-minRho-SYFP2-WPRE3-BGHpA,Lamp5,RO
1226962535,Slc32a1-IRES-Cre/wt;Lamp5-P2A-FlpO/wt;Ai65(RCFL-tdT)/wt,,Lamp5,
1115787095,WT_C57BL/6J,pAAV-3xSP10ins-AiE0367h_C2-minRho-SYFP2-WPRE3-BGHpA,MSN,RO
963097483,Ctxn3-IRES2-FlpO/wt;Ai65F(RCF-tdT)/wt,,L6_IT_Car3,
1395855693,Cplx3-P2A-FlpO/wt;Ai223(TITL-HaloTag-F-ICF-mScarlet-H2B-P2A-C22tTA2)-hyg/wt,,L6b,
1149879030,Slc32a1-IRES-Cre/wt;Lamp5-P2A-FlpO/wt;Ai195(TIT2L-GC7s-ICF-IRES-tTA2)-hyg/wt,,Lamp5,
1364414344,WT_C57BL/6J,pAAV-AiE0440h_3xC1-minBG-SYFP2-WPRE3-BGHpA,L4_IT,RO
1065538559,Cpne4-P2A-FlpO/wt;Ai65F(RCF-tdT)/wt,,L6_IT_Car3,
1187646719,WT_C57BL/6J,pAAV-AiE2150m-minBG-SYFP2-WPRE3-BGHpA,Pvalb,RO
1282526609,WT_C57BL/6J,pAAV-AiE0649h-minBG-SYFP2-WPRE3-BGHpA,VLMC,RO
1008976405,Ai193(TICL-EGFP-ICF-tdT)-hyg/wt,pAAV-AiE2004m-minBG-IRES2-iCre-HGHpA,L5_ET,RO
1270928142,WT_C57BL/6J,pAAV-AiE0719h-minBG-SYFP2-WPRE3-BGHpA,L4_IT,RO
1309213336,WT_C57BL/6J,pAAV-AiE1014h_3xC3-minBG-SYFP2-P2A-3XFLAG-10aa-H2B-WPRE3-BGHpA,L5_ET,RO
1296390859,WT_C57BL/6J,pAAV-AiE2278m-minBG-SYFP2-WPRE3-BGHpA,Astro,RO
1344836092,WT_C57BL/6J,pAAV-AiE1426m-minBG-SYFP2-P2A-3XFLAG-10aa-H2B-WPRE3-BGHpA,Sst_Chodl,RO
1269231520,WT_C57BL/6J,pAAV-AiE2407m-minBG-SYFP2-WPRE3-BGHpA,L2-3_IT,RO
1197775946,WT_C57BL/6J,pAAV-AiE0447h-minBG-SYFP2-WPRE3-BGHpA,MSN_D1,RO
1330654997,Ai14(RCL-tdT)/wt,pAAV-AiE0128h-minBG-iCre(R297T)-BGHpA,Pvalb,RO
1348002134,WT_C57BL/6J,pAAV-AiE2051m_3xC2-minBG-SYFP2-WPRE3-BGHpA,L6_IT_Car3,RO
1258675366,WT_C57BL/6J,pAAV-AiE0452h_3xC2-minBG-SYFP2-WPRE3-BGHpA,MSN_D2,RO
1340823078,WT_C57BL/6J,pAAV-AiE2482m-minBG-SYFP2-WPRE3-BGHpA,L6_IT_Car3,RO
1385099191,WT_C57BL/6J,pAAV-ExE0638m_3xC2-minBG-SYFP2-WPRE-BGHpA,Sst,RO
1239281570,Slc17a7-IRES2-FlpO-neo/wt;Ai224(TICL-NLS-EGFP-ICF-NLS-dT)-hyg/wt,,Glutamatergic,
1227803788,WT_C57BL/6J,pAAV-AiE0984h-minBG-SYFP2-P2A-3XFLAG-10aa-H2B-WPRE3-BGHpA,L5-6_NP,RO
1177005872,WT_C57BL/6J,scAAV-AiE0028m-minBG-SYFP2-WPRE3-BGHpA,Pvalb,RO
1329605231,WT_C57BL/6J,pAAV-AiE0552h-minBG-SYFP2-P2A-3XFLAG-10aa-H2B-WPRE3-BGHpA,L6_IT,RO
1125681298,WT_C57BL/6J,pAAV-AiE0390m-minBG-SYFP2-WPRE3-BGHpA,Astro,RO
1212211740,WT_C57BL/6J,pAAV-AiE0682h-minBG-SYFP2-WPRE3-BGHpA,Sst_Chodl,RO
1344134435,WT_C57BL/6J,pAAV-AiE1419m-minBG-SYFP2-P2A-3XFLAG-10aa-H2B-WPRE3-BGHpA,Pvalb_Pthlh,RO
1118319973,WT_C57BL/6J,pAAV-AiE0616h-minBG-SYFP2-WPRE3-BGHpA,MSN_D1,RO
1238484641,WT_C57BL/6J,pAAV-AiE0926m-minBG-SYFP2-P2A-3XFLAG-10aa-H2B-WPRE3-BGHpA,L6_IT_Car3,RO
1121505853,WT_C57BL/6J,pAAV-AiE0082h-minRho-SYFP2-10aa-H2B-WPRE3-BGHpA,Pvalb,RO
768045597,Sncg-IRES2-FlpO-neo/wt;Ai65F(RCF-tdT)/wt,,Sncg,
1342069241,WT_C57BL/6J,pAAV-AiE1353h-minBG-SYFP2-P2A-3XFLAG-10aa-H2B-WPRE3-BGHpA,Serotonergic,RO
1337727121,WT_C57BL/6J,pAAV-AiE2308m-minBG-SYFP2-WPRE3-BGHpA,Serotonergic,RO
1177798305,WT_C57BL/6J,pAAV-AiE0409m-minBG-SYFP2-WPRE3-BGHpA,Oligo,RO
1375609308,Slc17a7-IRES2-FlpO-WPRE/wt;Ai224(TICL-NLS-EGFP-ICF-NLS-dT)-hyg/wt,,Glutamatergic,
1363250331,Gal-Cre_KI87/wt,pAAV-AiE2182m_3xC2-minBG-SYFP2-WPRE3-BGHpA,L4_IT,STX
1104197092,WT_C57BL/6J,pAAV-AiE0452h-minBG-SYFP2-WPRE3-BGHpA,MSN_D2,RO
1085232866,WT_C57BL/6J,pAAV-AiE0462m-minBG-SYFP2-WPRE3-BGHpA,L5_ET,RO
1327882821,WT_C57BL/6J,pAAV-AiE1342m-minBG-SYFP2-P2A-3XFLAG-10aa-H2B-WPRE3-BGHpA,Serotonergic,RO
1386845187,WT_C57BL/6J,pAAV-AiE2586m-minBG-SYFP2-WPRE3-BGHpA,L6b,STX
1181223941,WT_C57BL/6J,pAAV-AiE0463m-minBG-SYFP2-WPRE3-BGHpA,L5_ET,RO
1311789305,WT_C57BL/6J,pAAV-AiE2301m-minBG-SYFP2-WPRE3-BGHpA,Serotonergic,RO
1292431396,WT_C57BL/6J,pAAV-AiE0140h_3xC2-minBG-ChR2(CRC)-EYFP-WPRE3-BGHpA,Pvalb,RO
1110576272,WT_C57BL/6J,pAAV-AiE0445h-minBG-SYFP2-WPRE3-BGHpA,MSN_D2,RO
977545045,Lamp5-P2A-FlpO/wt;RCE-FRT/wt,,Lamp5,
1067900005,Chodl-P2A-Cre/wt;Sst-IRES-FlpO/wt;Ai65(RCFL-tdT)/wt,,Sst_Chodl,
1284040453,WT_C57BL/6J,pAAV-AiE0512h_3xC2-minBG-SYFP2-WPRE3-BGHpA,Sst_Chodl,RO
1200969502,WT_C57BL/6J,pAAV-3xSP10ins-AiE0357h-minRho-SYFP2-WPRE3-BGHpA,Endo,RO
1192742694,WT_C57BL/6J,pAAV-AiE0387m-minBG-SYFP2-WPRE3-BGHpA,Astro,RO
974251049,Slco2a1-P2A-Cre/wt;Ai14(RCL-tdT)/wt,,L5_ET,
876684860,Batf3-IRES2-FlpO-neo/wt;Ai65F(RCF-tdT)/wt,,L5_IT_VISp_Batf3,
1249140526,WT_C57BL/6J,pAAV-AiE0976h-minBG-SYFP2-P2A-3XFLAG-10aa-H2B-WPRE3-BGHpA,L5-6_NP,RO
1375485335,Slc17a7-IRES2-FlpO-WPRE/wt;Ai224(TICL-NLS-EGFP-ICF-NLS-dT)-hyg/wt,,Glutamatergic,
1305179168,WT_C57BL/6J,pAAV-AiE0884m-minBG-SYFP2-P2A-3XFLAG-10aa-H2B-WPRE3-BGHpA,MSN,RO
1372577064,Ai14(RCL-tdT)/wt,pAAV-AiE0779m_3xC2-minBG-iCre(R297T)-3XmiR126TS-BGHpA,MSN_D1,RO
1163590410,WT_C57BL/6J,pAAV-AiE0371h-minBG-SYFP2-WPRE3-BGHpA,Astro,RO
1169356244,WT_C57BL/6J,pAAV-AiE0743m_3xC2-minBG-SYFP2-WPRE3-BGHpA,Cholinergic,RO
1293586733,WT_C57BL/6J,pAAV-AiE2394m-minBG-SYFP2-WPRE3-BGHpA,L6b,RO
1385562509,Slco2a1-P2A-Cre/wt;Slc17a7-IRES2-FlpO-neo/wt;Ai65(RCFL-tdT)/wt,,L5_ET,
1212532949,WT_C57BL/6J,pAAV-AiE0022h-minBG-SYFP2-WPRE3-BGHpA-AiE0064h,Vip,RO
1273600995,WT_C57BL/6J,pAAV-AiE0127m-minBG-SYFP2-WPRE3-BGHpA,Sst_Chodl,RO
1278397066,WT_C57BL/6J,pAAV-AiE0883m-minBG-SYFP2-P2A-3XFLAG-10aa-H2B-WPRE3-BGHpA,MSN,RO
1252514946,WT_C57BL/6J,pAAV-3xSP10ins-AiE0367h_3xC2-minRho-SYFP2-WPRE3-BGHpA | pAAV-DLX2.0-minBG-tdTomato-WPRE3-BGHpA,MSN | GABAergic,ICV
1107461015,Ai193(TICL-EGFP-ICF-tdT)-hyg/wt,pAAV-AiE2004m-minBG-iCre-HGHpA | pAAV-AiE2004m-minBG-FlpO-WPRE-HGHpA,L5_ET,RO
1100971779,WT_C57BL/6J,pAAV-AiE0461m-minBG-SYFP2-WPRE3-BGHpA,L5_ET,RO
1337999431,WT_C57BL/6J,pAAV-AiE1376m-minBG-SYFP2-P2A-3XFLAG-10aa-H2B-WPRE3-BGHpA,Dopaminergic,RO
1120606751,WT_C57BL/6J,pAAV-AiE0475m-minBG-SYFP2-WPRE3-BGHpA,Pvalb_ChC,RO
1100665888,WT_C57BL/6J,pAAV-AiE2004m-minCMV-SYFP2-WPRE3-BGHpA,L5_ET,RO
1373960052,Slc17a7-IRES2-FlpO-WPRE/wt;Ai224(TICL-NLS-EGFP-ICF-NLS-dT)-hyg/wt,,Glutamatergic,
1231315125,WT_C57BL/6J,pAAV-AiE0441h_3xC2-minBG-SYFP2-WPRE3-BGHpA,MSN,RO
1174717886,WT_C57BL/6J,pAAV-AiE0486m-minBG-SYFP2-WPRE3-BGHpA,L6b,RO
1292215510,Ai14(RCL-tdT)/wt,pAAV-AiE0600m-minBG-iCre(R297T)-BGHpA,Sst_Chodl,RO
1195940036,WT_C57BL/6J,pAAV-AiE0387m_3xC2-minBG-SYFP2-WPRE3-BGHpA,Astro,RO
1110793362,WT_C57BL/6J,pAAV-AiE0782m-minBG-SYFP2-WPRE3-BGHpA,MSN_D1,RO
1375910240,WT_C57BL/6J,pAAV-AiE2638m-minBG-SYFP2-WPRE3-BGHpA,L2-3_IT,RO
1287287164,WT_CD-1_IGS,pAAV-AiE0528h-minBG-SYFP2-WPRE3-BGHpA,Sst_Chodl,ICV
1195693330,WT_C57BL/6J,pAAV-AiE0078h-minBG-SYFP2-WPRE3-BGHpA,L4_IT,ICV
1217510767,Ai193(TICL-EGFP-ICF-tdT)-hyg/wt,pAAV-AiE0743m_3xC2-minBG-iCre(R297T)-BGHpA,Cholinergic,RO
1330363961,WT_C57BL/6J,pAAV-AiE0519h_3xC2-minBG-SYFP2-WPRE3-BGHpA,Sst,RO
1214995232,WT_C57BL/6J,pAAV-AiE0459m-minBG-SYFP2-WPRE3-BGHpA,L5_ET,STX
1290295780,WT_C57BL/6J,pAAV-AiE0647m_3xC2-minBG-SYFP2-WPRE3-BGHpA,L5_ET,RO
1125851952,WT_C57BL/6J,pAAV-AiE0476m-minBG-SYFP2-WPRE3-BGHpA,Pvalb_ChC,RO
1027699304,Slc32a1-IRES-Cre/wt;Sncg-IRES2-FlpO/wt;Ai65(RCFL-tdT)/wt,,Sncg,
1164765218,WT_C57BL/6J,pAAV-AiE0400h-minBG-SYFP2-WPRE3-BGHpA,Oligo,RO
1122496150,WT_C57BL/6J,pAAV-hsA2-AiE0079h-minRho-SYFP2-WPRE3-BGHpA,Pvalb,RO
1200443368,WT_C57BL/6J,pAAV-AiE0526h-minBG-SYFP2-WPRE3-BGHpA,Sst,RO
1277593960,WT_C57BL/6J,pAAV-AiE1058q-minBG-SYFP2-P2A-3XFLAG-10aa-H2B-WPRE3-BGHpA,Cholinergic,RO
1293588083,Slco2a1-P2A-Cre/wt;Ai224(TICL-NLS-EGFP-ICF-NLS-dT)-hyg/wt,,L5_ET,
1301522288,WT_C57BL/6J,pAAV-AiE0950h-minBG-SYFP2-P2A-3XFLAG-10aa-H2B-WPRE3-BGHpA,Neuron_D3,RO
1242658812,WT_CD-1_IGS,pAAV-hsA2-AiE0219h-minRho-SYFP2-WPRE3-BGHpA,Vip,ICV
1376044860,Cplx3-P2A-FlpO/wt;Ai223(TITL-HaloTag-F-ICF-mScarlet-H2B-P2A-C22tTA2)-hyg/wt,,L6b,
1242128152,WT_C57BL/6J,pAAV-AiE0779m_3xC2-minBG-SYFP2_farnesyl-P2A-FLAG-NLS-SV40-dTomato-cmyc-NLS-WPRE3-BGHpA,MSN_D1,RO
1395763394,Ai14(RCL-tdT)/wt,pAAV-AiE0732h-minBG-iCre(R297T)-BGHpA,Sncg,RO
1196423986,WT_C57BL/6J,pAAV-AiE0387m_3xC1-minBG-SYFP2-WPRE3-BGHpA,Astro,RO
1341554774,WT_C57BL/6J,pAAV-AiE2314m-minBG-SYFP2-WPRE3-BGHpA,Serotonergic,RO
1184527641,WT_C57BL/6J,pAAV-AiE2182m-minBG-SYFP2-WPRE3-BGHpA,L4_IT,RO
1237143030,WT_C57BL/6J,pAAV-AiE0881m-minBG-SYFP2-P2A-3XFLAG-10aa-H2B-WPRE3-BGHpA,MSN,RO
852438991,Ai193(TICL-EGFP-ICF-tdT)-hyg/wt,pAAV-AiE2004m-minBG-iCre-WPRE-HGHpA | pAAV-AiE2016m-minBG-FlpO-WPRE-HGHpA,L5_ET | L5_IT,RO
1379535776,WT_C57BL/6J,pAAV-AiE2664m-minBG-SYFP2-WPRE3-BGHpA,L5-6_NP,RO
1346221069,WT_C57BL/6J,pAAV-AiE0462m_3xC2-minBG-SYFP2-WPRE3-BGHpA,L5_ET,RO
1199231551,WT_C57BL/6J,pAAV-AiE0407h-minBG-SYFP2-WPRE3-BGHpA,Oligo,RO
852439743,Ai193(TICL-EGFP-ICF-tdT)-hyg/wt,pAAV-AiE2004m-minBG-iCre-WPRE-HGHpA | pAAV-AiE2016m-minBG-FlpO-WPRE-HGHpA,L5_ET | L5_IT,RO
1210293864,WT_C57BL/6J,pAAV-AiE0682h_3xC3-minBG-SYFP2-WPRE3-BGHpA,Sst_Chodl,RO
1272313481,WT_C57BL/6J,pAAV-AiE1117m_3xC2-minBG-SYFP2-WPRE3-BGHpA,Endo,RO
1114670251,Ai193(TICL-EGFP-ICF-tdT)-hyg/wt,pAAV-AiE2013m-minBG-iCre,L6_IT,RO
1195939239,WT_C57BL/6J,pAAV-hsA2-AiE0078h_3xC2-minRho-SYFP2-WPRE3-BGHpA,L4_IT,ICV
1329672884,WT_C57BL/6J,pAAV-AiE0779m_6xC2-minBG-SYFP2-WPRE3-BGHpA,MSN_D1,RO
1111373281,WT_C57BL/6J,pAAV-AiE0780m-minBG-SYFP2-WPRE3-BGHpA,MSN_D1,RO
1347258990,Pvalb-IRES-Cre/wt,pAAV-AiE0140h_3xC2-minBG-SYFP2-WPRE3-BGHpA | pAAV-EF1a-DIO-TdTomato-WPRE-HGHpA,Pvalb,STX
1170566049,WT_C57BL/6J,pAAV-AiE0774m_3xC2-minBG-SYFP2-WPRE3-BGHpA,L6_IT_Car3,RO
1252774992,WT_C57BL/6J,pAAV-AiE0452h_3xC2-minBG-jGCaMP8m-WPRE3-BGHpA,MSN_D2,RO
1329442699,Ai14(RCL-tdT)/wt,pAAV-AiE2004m_3xC2-minBG-iCre(R297T)-BGHpA,L5_ET,RO
1124457575,WT_C57BL/6J,pAAV-AiE0049m-minCMV-SYFP2-WPRE3-BGHpA,L4_IT,RO
1282124794,WT_C57BL/6J,pAAV-AiE0058m_3xC2-minCMV-SYFP2-WPRE3-BGHpA,L4_IT,RO
1224896322,WT_C57BL/6J,pAAV-AiE0450h_3xC3-minBG-SYFP2-WPRE3-BGHpA,MSN_D2,RO
1371226809,WT_C57BL/6J,pAAV-AiE0664m_3xC2-minBG-SYFP2-WPRE3-BGHpA,L6b,RO
1309009847,WT_C57BL/6J,pAAV-AiE1256q-minBG-SYFP2-WPRE3-BGHpA,Sst_Chodl,RO
1163365373,WT_C57BL/6J,pAAV-AiE0376m-minBG-SYFP2-WPRE3-BGHpA,Astro,RO
1181303312,WT_C57BL/6J,pAAV-AiE0459m-minBG-SYFP2-WPRE3-BGHpA,L5_ET,RO
1120376277,WT_C57BL/6J,pAAV-AiE0682h-minBG-SYFP2-WPRE3-BGHpA,Sst_Chodl,RO
1192650804,WT_C57BL/6J,pAAV-AiE0049m-minCMV-SYFP2-WPRE3-BGHpA,L4_IT,RO
1240293319,WT_C57BL/6J,pAAV-AiE0682h-minBG-SYFP2-WPRE3-BGHpA,Sst_Chodl,RO
1180087678,WT_C57BL/6J,pAAV-AiE0621h_3xC2-minBG-SYFP2-WPRE3-BGHpA,Neuron_D3,RO
1161875095,WT_C57BL/6J,pAAV-AiE2168m-minBG-SYFP2-WPRE3-BGHpA,OPC,RO
1295343098,WT_C57BL/6J,pAAV-AiE2389m-minBG-SYFP2-WPRE3-BGHpA,L5_ET,RO
1304483902,WT_C57BL/6J,pAAV-AiE0468m_3xC3-minBG-SYFP2-WPRE3-BGHpA,Sst_Chodl,RO
1263343291,WT_CD-1_IGS,pAAV-AiE0380h-minBG-SYFP2-WPRE3-BGHpA,Astro,ICV
1306178663,WT_C57BL/6J,pAAV-AiE2413m-minBG-SYFP2-WPRE3-BGHpA,L6_CT,RO
1333456746,WT_C57BL/6J,pAAV-AiE1341m-minBG-SYFP2-P2A-3XFLAG-10aa-H2B-WPRE3-BGHpA,Dopaminergic,RO
1129216537,WT_C57BL/6J,pAAV-AiE2085m-minBG-SYFP2-WPRE3-BGHpA,Vip,RO
1115500522,Ai193(TICL-EGFP-ICF-tdT)-hyg/wt,pAAV-AiE0453m-minBG-iCre-HGHpA | pAAV-AiE0453m-minBG-FlpO-WPRE-HGHpA,L5_ET,RO
1124664228,WT_C57BL/6J,pAAV-AiE0410m_3xC2-minBG-SYFP2-WPRE3-BGHpA,Oligo,RO
1327405353,WT_C57BL/6J,pAAV-AiE2402m-minBG-SYFP2-WPRE3-BGHpA,L5_ET,STX
1190302216,WT_C57BL/6J,pAAV-AiE0462m-minBG-SYFP2-WPRE3-BGHpA,L5_ET,STX
1212209719,WT_C57BL/6J,pAAV-AiE0170h_3xC2-minBG-SYFP2-WPRE3-BGHpA,Sst,RO
1184368965,Ai65F(RCF-tdT)/wt,pAAV-AiE0682h-minBG-FlpO-4X2C-WPRE3-BGHpA,Sst_Chodl,RO
1215420316,Slc17a8-IRES2-Cre-neo/wt;Sncg-IRES2-FlpO/wt;Ai65(RCFL-tdT)/wt,,Sncg,
1387399115,Ai14(RCL-tdT)/wt,pAAV-AiE2587m-minBG-iCre(R297T)-BGHpA,L6b,RO
1282951238,WT_C57BL/6J,pAAV-AiE2405m-minBG-SYFP2-WPRE3-BGHpA,L4_IT,RO
1178118374,WT_C57BL/6J,pAAV-AiE0121h_3xC2.1-minCMV-SYFP2-WPRE3-BGHpA,L5_ET,RO
1191947426,WT_C57BL/6J,pAAV-AiE1005h-minBG-SYFP2-P2A-3XFLAG-10aa-H2B-WPRE3-BGHpA,MSN_Striosome,RO
1186436039,WT_C57BL/6J,pAAV-AiE0796h-minBG-SYFP2-WPRE3-BGHpA,Sst,RO
1296466670,WT_C57BL/6J,pAAV-AiE0528h-minBG-SYFP2-WPRE3-BGHpA,Sst_Chodl,RO
1335510933,WT_C57BL/6J,pAAV-AiE0675m_3xC1-minBG-SYFP2-WPRE3-BGHpA,L2-3_IT,RO
1384882671,WT_C57BL/6J,pAAV-AiE0941m-minBG-SYFP2-P2A-3XFLAG-10aa-H2B-WPRE3-BGHpA,L2-3_IT,RO
1279173379,WT_CD-1_IGS,pAAV-AiE0226h_3xC3-minBG-SYFP2-WPRE3-BGHpA,Sst,ICV
1118507920,WT_C57BL/6J,pAAV-AiE2081m-minBG-SYFP2-WPRE3-BGHpA,Vip,RO
1393368699,Ai14(RCL-tdT)/wt,pAAV-AiE0774m-minBG-iCre(R297T)-BGHpA,L6_IT_Car3,RO
1166473643,WT_C57BL/6J,pAAV-AiE0395m-minBG-SYFP2-WPRE3-BGHpA,Oligo,RO
1144813990,Ai193(TICL-EGFP-ICF-tdT)-hyg/wt,pAAV-AiE2057m-minBG-iCre,L6_IT_Car3,RO
1126114207,WT_C57BL/6J,pAAV-3xSP10ins-AiE0354m-minRho-SYFP2-WPRE3-BGHpA,Vip,ICV
1268378100,WT_C57BL/6J,pAAV-AiE0370m-minBG-SYFP2-WPRE3-BGHpA,L5_ET,RO
1171819575,WT_C57BL/6J,pAAV-AiE0772m-minBG-SYFP2-WPRE3-BGHpA,L6_IT_Car3,RO
1157349691,Chodl-P2A-Cre/wt;Sst-IRES-FlpO/wt;Ai65(RCFL-tdT)/wt,pAAV-AiE0600m-minBG-SYFP2-WPRE3-BGHpA,Sst_Chodl,RO
1328818672,WT_C57BL/6J,pAAV-AiE1367m-minBG-SYFP2-P2A-3XFLAG-10aa-H2B-WPRE3-BGHpA,Serotonergic,RO
1199753954,WT_C57BL/6J,pAAV-AiE0400m-minBG-SYFP2-WPRE3-BGHpA,Oligo,RO
1175186202,WT_C57BL/6J,pAAV-AiE0453m-minBG-SYFP2-WPRE3-BGHpA,L5_ET,RO
1233449902,WT_C57BL/6J,pAAV-AiE0387m-minBG-SYFP2-P2A-3XFLAG-10aa-H2B-WPRE3-BGHpA,Astro,ICV
1239529634,Snap25-IRES2-Cre/wt;Slc17a7-IRES2-FlpO-neo/wt;Ai224(TICL-NLS-EGFP-ICF-NLS-dT)-hyg/wt,,Glutamatergic,
1226963301,WT_C57BL/6J,pAAV-AiE0456m-minBG-SYFP2-WPRE3-BGHpA,L5_ET,RO
1188095346,WT_C57BL/6J,pAAV-AiE2004m_3xC2-minCMV-SYFP2-WPRE3-BGHpA,L5_ET,STX
1385563291,Slco2a1-P2A-Cre/wt;Slc17a7-IRES2-FlpO-neo/wt;Ai65(RCFL-tdT)/wt,,L5_ET,
1222719446,WT_C57BL/6J,pAAV-AiE1005h-minBG-SYFP2-P2A-3XFLAG-10aa-H2B-WPRE3-BGHpA,MSN_Striosome,RO
1269847886,WT_CD-1_IGS,pAAV-AiE0468m_3xC3-minBG-SYFP2-WPRE3-BGHpA,Sst_Chodl,ICV
1276908315,WT_C57BL/6J,pAAV-AiE0926m-minBG-SYFP2-P2A-3XFLAG-10aa-H2B-WPRE3-BGHpA,L6_IT_Car3,RO
1128406073,WT_C57BL/6J,pAAV-hsA2-AiE0121h-minRho-SYFP2-WPRE3-BGHpA,L5_ET,ICV
1229392640,WT_C57BL/6J,pAAV-AiE2135m_C2-minBG-SYFP2-WPRE3-BGHpA,Endo,RO
1279467660,WT_C57BL/6J,pAAV-AiE0017h_3xC2-minBG-SYFP2-WPRE3-BGHpA,Sst,RO
1372377969,Ai14(RCL-tdT)/wt,pAAV-AiE0779m_3xC2-minBG-iCre(R297T)-3XmiR126TS-BGHpA,MSN_D1,RO
1363675560,WT_C57BL/6J,pAAV-EF1a-DIO-TdTomato-WPRE-HGHpA | pAAV-AiE2366m-minBG-iCre(R297T)-BGHpA,Lamp5,RO
1123952018,WT_C57BL/6J,pAAV-AiE0064h_3xC1-minBG-SYFP2-WPRE3-BGHpA,Pvalb,RO
1283506299,WT_C57BL/6J,pAAV-AiE0888m_3xC4-minBG-SYFP2-WPRE3-BGHpA,Dopaminergic,RO
1398066000,Ai14(RCL-tdT)/wt,pAAV-AiE2638m-minBG-iCre(R297T)-BGHpA,L2-3_IT,RO
1181962165,WT_C57BL/6J,pAAV-AiE2120m-minBG-SYFP2-WPRE3-BGHpA,Astro,RO
1291754422,WT_C57BL/6J,pAAV-AiE2321m-minBG-SYFP2-WPRE3-BGHpA,Serotonergic,RO
1251211533,WT_C57BL/6J,pAAV-AiE0577h-minBG-SYFP2_farnesyl-P2A-FLAG-NLS-SV40-dTomato-cmyc-NLS-WPRE3-BGHpA,Glutamatergic,RO
1120046442,WT_C57BL/6J,pAAV-AiE0621h-minBG-SYFP2-WPRE3-BGHpA,Neuron_D3,RO
1393923572,Ai14(RCL-tdT)/wt,pAAV-AiE2531m-minBG-iCre(R297T)-BGHpA,Sncg,RO
1094738022,Slc17a7-IRES2-FlpO-neo/wt;Ai211(TITL-ChrimsonR-tdT-Kv2.1-ICF-IRES-tTA2)-hyg/wt,,Glutamatergic,
1253762841,WT_C57BL/6J,pAAV-AiE0445h_3xC2-minBG-jRGECO1a-mod-WPRE3-BGHpA,MSN_D2,RO
1161876422,Rxfp1-P2A-Cre/wt;Slc17a7-IRES2-FlpO-neo/wt;Ai65(RCFL-tdT)/wt,,L6_IT_Car3,
1210292503,WT_C57BL/6J,pAAV-AiE0682h_3xC2-minBG-SYFP2-WPRE3-BGHpA,Sst_Chodl,RO
1170764409,WT_C57BL/6J,pAAV-AiE0772m_3xC2-minBG-SYFP2-WPRE3-BGHpA,L6_IT_Car3,RO
1126038017,WT_C57BL/6J,pAAV-AiE0641m-minBG-SYFP2-WPRE3-BGHpA,Oligo,RO
1344836388,WT_C57BL/6J,pAAV-AiE1404m-minBG-SYFP2-P2A-3XFLAG-10aa-H2B-WPRE3-BGHpA,Sst_Chodl,RO
1158866476,WT_C57BL/6J,pAAV-AiE2135m-minBG-SYFP2-WPRE3-BGHpA,Endo,RO
1178639404,WT_C57BL/6J,pAAV-AiE0464m-minBG-SYFP2-WPRE3-BGHpA,L5_ET,RO
1198246686,WT_C57BL/6J,pAAV-AiE0475m_3xC2-minBG-SYFP2-WPRE3-BGHpA,Pvalb_ChC,RO
1381925750,Ai14(RCL-tdT)/wt,pAAV-AiE2016m-minBG-iCre(R297T)-BGHpA,Vip,RO
1215850340,WT_C57BL/6J,pAAV-AiE0724m-minBG-SYFP2-WPRE3-BGHpA,Lamp5,RO
1288840843,WT_C57BL/6J,pAAV-AiE2389m-minBG-SYFP2-WPRE3-BGHpA,L5_ET,RO
1340823376,Ai14(RCL-tdT)/wt,pAAV-AiE0459m-minBG-iCre(R297T)-BGHpA,L5_ET,RO
1195131018,WT_C57BL/6J,pAAV-hsA2-AiE0078h_3xC2-minRho-SYFP2-WPRE3-BGHpA,L4_IT,ICV
1283813193,WT_C57BL/6J,pAAV-AiE0888h_2xC4-minBG-SYFP2-WPRE3-BGHpA,Dopaminergic,RO
1299725437,WT_C57BL/6J,pAAV-AiE1222q-minBG-SYFP2-WPRE3-BGHpA,D1_ICj,RO
1376347731,WT_C57BL/6J,pAAV-AiE0330h-minBG-SYFP2-WPRE3-BGHpA,L4_IT,STX
1221054776,WT_C57BL/6J,pAAV-AiE0463m-minBG-SYFP2-WPRE3-BGHpA,L5_ET,RO
1122763685,WT_C57BL/6J,pAAV-AiE0140h-minRho-SYFP2-10aa-H2B-WPRE3-BGHpA,Pvalb,RO
1102933619,WT_C57BL/6J,pAAV-AiE0451m-minBG-SYFP2-WPRE3-BGHpA,L5_ET,RO
1388018080,WT_C57BL/6J,pAAV-AiE2575m-minBG-SYFP2-WPRE3-BGHpA,L6_CT,RO
1293333108,WT_C57BL/6J,pAAV-AiE2124m-minBG-SYFP2-WPRE3-BGHpA,Endo,RO
1112274983,Ai193(TICL-EGFP-ICF-tdT)-hyg/wt,pAAV-AiE0459m-minBG-FlpO-WPRE-HGHpA | pAAV-AiE0459m-minBG-iCre-HGHpA,L5_ET,RO
1113600346,Ai193(TICL-EGFP-ICF-tdT)-hyg/wt,pAAV-AiE2016m-minBG-iCre,Vip,RO
1005642216,Ai193(TICL-EGFP-ICF-tdT)-hyg/wt,pAAV-AiE2010m-minBG-iCre-WPRE-HGHpA,L6_IT_Car3,RO
1124596192,WT_C57BL/6J,pAAV-AiE0058h-minBG-SYFP2-WPRE3-BGHpA,L4_IT,RO
1229394785,WT_C57BL/6J,pAAV-AiE2135m_C4-minBG-SYFP2-WPRE3-BGHpA,Endo,RO
1292214735,WT_C57BL/6J,pAAV-AiE0720h-minBG-SYFP2-WPRE3-BGHpA,L4_IT,RO
1254017402,WT_C57BL/6J,pAAV-AiE0452h_3xC2-minBG-jRGECO1a-mod-WPRE3-BGHpA,MSN_D2,RO
1243865501,WT_CD-1_IGS,pAAV-AiE0532h-minBG-SYFP2-WPRE3-BGHpA,Pvalb,ICV
1337727420,WT_C57BL/6J,pAAV-AiE1374m-minBG-SYFP2-P2A-3XFLAG-10aa-H2B-WPRE3-BGHpA,Dopaminergic,RO
1167826277,WT_C57BL/6J,pAAV-AiE0380h-minBG-SYFP2-WPRE3-BGHpA,Astro,RO
1195060907,Ai193(TICL-EGFP-ICF-tdT)-hyg/wt,pAAV-AiE0682h-minBG-iCre(R297T)-BGHpA,Sst_Chodl,RO
1272064102,WT_C57BL/6J,pAAV-AiE1037m-minBG-SYFP2-P2A-3XFLAG-10aa-H2B-WPRE3-BGHpA,L5_ET,RO
1376295443,Ai14(RCL-tdT)/wt,pAAV-AiE0410m-minBG-iCre(R297T)-3XmiR126TS-BGHpA,Oligo,RO
1270473201,WT_C57BL/6J,pAAV-AiE0078m_3xC3-minBG-SYFP2-WPRE3-BGHpA,L4_IT,RO
1371226513,Slc17a7-IRES2-FlpO-WPRE/wt;Ai65F(RCF-tdT)/wt,,Glutamatergic,
1121396304,WT_C57BL/6J,pAAV-AiE0079h-minRho-SYFP2-10aa-H2B-WPRE3-BGHpA,Pvalb,RO
1395425270,Slc17a7-IRES2-FlpO-WPRE/wt;Ai224(TICL-NLS-EGFP-ICF-NLS-dT)-hyg/wt,,Glutamatergic,
1268595361,WT_C57BL/6J,pAAV-AiE2402m-minBG-SYFP2-WPRE3-BGHpA,L5_ET,RO
1340314588,WT_C57BL/6J,pAAV-AiE0539h-minBG-SYFP2-WPRE3-BGHpA,Sncg,RO
1260082497,WT_C57BL/6J,pAAV-AiE0600m_3xC2-minBG-SYFP2-WPRE3-BGHpA,Sst_Chodl,RO
1381925453,Ai14(RCL-tdT)/wt,pAAV-AiE2586m-minBG-iCre(R297T)-BGHpA,L6b,RO
1215399223,WT_C57BL/6J,pAAV-AiE0007m-minBG-SYFP2-WPRE3-BGHpA,Vip,RO
1014417939,Ai193(TICL-EGFP-ICF-tdT)-hyg/wt,pAAV-AiE2010m-minBG-iCre-WPRE-HGHpA,L6_IT_Car3,RO
1301282132,WT_C57BL/6J,pAAV-AiE1247q-minBG-SYFP2-WPRE3-BGHpA,Cholinergic,RO
1342502406,WT_C57BL/6J,pAAV-AiE1102q-minBG-SYFP2-P2A-3XFLAG-10aa-H2B-WPRE3-BGHpA,Vip,RO
1165769006,WT_C57BL/6J,pAAV-AiE0405m-minBG-SYFP2-WPRE3-BGHpA,Oligo,RO
1286992646,WT_CD-1_IGS,pAAV-AiE0671m-minBG-SYFP2-WPRE3-BGHpA,L4_IT,ICV
1278950000,WT_CD-1_IGS,pAAV-AiE0077h-minBG-SYFP2-WPRE3-BGHpA,L2-3_IT,ICV
1108294691,WT_C57BL/6J,pAAV-AiE0450h-minBG-SYFP2-WPRE3-BGHpA,MSN_D2,RO
1193531303,WT_C57BL/6J,pAAV-AiE0459m-minBG-SYFP2-WPRE3-BGHpA,L5_ET,STX
1001744226,Ai193(TICL-EGFP-ICF-tdT)-hyg/wt,pAAV-AiE2010m-minBG-IRES2-iCre-WPRE-HGHpA,L6_IT_Car3,RO
1144952616,Ai193(TICL-EGFP-ICF-tdT)-hyg/wt,pAAV-AiE2051m-minBG-iCre,L6_IT_Car3,RO
1264174316,WT_CD-1_IGS,pAAV-AiE0371h-minBG-SYFP2-WPRE3-BGHpA,Astro,ICV
1122556436,WT_C57BL/6J,pAAV-AiE0128h-minRho-SYFP2-10aa-H2B-WPRE3-BGHpA,Pvalb,RO
1123310920,WT_C57BL/6J,pAAV-ExE0639m-minBG-SYFP2-WPRE-BGHpA,Sst,RO
1190072732,WT_C57BL/6J,pAAV-3xSP10ins-AiE0140h_3xC2-minRho-SYFP2-4X2C-WPRE3-BGHpA,Pvalb,RO
1367750462,WT_C57BL/6J,pAAV-AiE2645m-minBG-SYFP2-WPRE3-BGHpA,Dopaminergic,RO
1339625250,WT_C57BL/6J,pAAV-AiE2540m-minBG-SYFP2-WPRE3-BGHpA,Sst,RO
1380442016,Ai14(RCL-tdT)/wt,pAAV-AiE0724m-minBG-iCre(R297T)-BGHpA,Lamp5,RO
1160098750,Rxfp1-P2A-Cre/wt;Slc17a7-IRES2-FlpO-neo/wt;Ai65(RCFL-tdT)/wt,,L6_IT_Car3,
1309461016,WT_CD-1_IGS,pAAV-ExE0582m-minBG-SYFP2-WPRE3-BGHpA,L6_IT_Car3,ICV
1208639314,WT_C57BL/6J,pAAV-AiE0403h-minBG-SYFP2-WPRE3-BGHpA,Oligo,RO
1198773127,Ai193(TICL-EGFP-ICF-tdT)-hyg/wt,pAAV-AiE0682h-minBG-iCre-4X2C-WPRE3-BGHpA,Sst_Chodl,RO
1187926669,WT_C57BL/6J,pAAV-AiE2128m-minBG-SYFP2-WPRE3-BGHpA,Endo,RO
1295152258,WT_C57BL/6J,pAAV-AiE2324m-minBG-SYFP2-WPRE3-BGHpA,Serotonergic,RO
1189653676,WT_C57BL/6J,pAAV-AiE0494m-minBG-SYFP2-WPRE3-BGHpA,Vip,RO
1333456446,WT_C57BL/6J,pAAV-AiE1364m-minBG-SYFP2-P2A-3XFLAG-10aa-H2B-WPRE3-BGHpA,Dopaminergic,RO
1333754716,WT_C57BL/6J,pAAV-AiE1346m-minBG-SYFP2-P2A-3XFLAG-10aa-H2B-WPRE3-BGHpA,Dopaminergic,RO
1344136492,Ai14(RCL-tdT)/wt,pAAV-AiE2301m-minBG-iCre(R297T)-BGHpA,Serotonergic,RO
1263858670,WT_CD-1_IGS,pAAV-AiE0374m-minBG-SYFP2-WPRE3-BGHpA,Astro,ICV
1130552904,WT_C57BL/6J,pAAV-hsA2-AiE0121h-minRho-SYFP2-WPRE3-BGHpA,L5_ET,ICV
1191178436,WT_C57BL/6J,pAAV-AiE0807h-minBG-SYFP2-WPRE3-BGHpA,Lamp5_Lhx6,RO
1390008179,WT_C57BL/6J,pAAV-AiE0720h_3xC2-minBG-SYFP2-WPRE3-BGHpA,L4_IT,RO
1294015470,WT_C57BL/6J,pAAV-AiE2386m-minBG-SYFP2-WPRE3-BGHpA,L5_ET,RO
1229876120,WT_C57BL/6J,pAAV-AiE0447h_3xC2-minBG-SYFP2-WPRE3-BGHpA,MSN_D1,RO
1121032151,WT_C57BL/6J,pAAV-AiE0774m-minBG-SYFP2-WPRE3-BGHpA,L6_IT_Car3,RO
1115171007,WT_C57BL/6J,pAAV-AiE0785m-minBG-SYFP2-WPRE3-BGHpA,MSN_D2,RO
1213305577,WT_C57BL/6J,pAAV-AiE0452h-minBG-SYFP2-WPRE3-BGHpA,MSN_D2,RO
999744177,Ai193(TICL-EGFP-ICF-tdT)-hyg/wt,pAAV-AiE2010m-minBG-IRES2-iCre-WPRE-HGHpA,L6_IT_Car3,RO
1266445467,WT_CD-1_IGS,pAAV-AiE0410m-minBG-SYFP2-WPRE3-BGHpA,Oligo,ICV
1243592267,WT_CD-1_IGS,pAAV-AiE0533h-minBG-SYFP2-WPRE3-BGHpA,Sst_Chodl,ICV
1119941656,WT_C57BL/6J,pAAV-AiE2016m-minBG-SYFP2-WPRE3-BGHpA,Vip,RO
1212845589,WT_C57BL/6J,pAAV-AiE0453m-minBG-SYFP2-WPRE3-BGHpA,L5_ET,STX
1189293377,WT_C57BL/6J,pAAV-hsA2-AiE0113m-minRho-SYFP2-WPRE3-BGHpA,Vip,RO
1290180106,WT_C57BL/6J,pAAV-AiE0461m_3xC3-minBG-SYFP2-WPRE3-BGHpA,L5_ET,RO
1125488339,WT_C57BL/6J,pAAV-AiE0390m_3xC2-minBG-SYFP2-WPRE3-BGHpA,Astro,RO
1314522710,Ai14(RCL-tdT)/Ai14(RCL-tdT),pAAV-AiE0463m-minBG-iCre(R297T)-BGHpA | pAAV-EF1a-DIO-EGFP,L2-3_IT,STX
1395674451,Slc17a7-IRES2-FlpO-WPRE/wt;Ai224(TICL-NLS-EGFP-ICF-NLS-dT)-hyg/wt,,Glutamatergic,
1368141228,Ai14(RCL-tdT)/wt,pAAV-AiE2016m-minBG-iCre,Vip,RO
1301448405,WT_C57BL/6J,pAAV-AiE1063q-minBG-SYFP2-P2A-3XFLAG-10aa-H2B-WPRE3-BGHpA,Cholinergic,RO
1166249797,WT_C57BL/6J,pAAV-AiE0407h-minBG-SYFP2-WPRE3-BGHpA,Oligo,RO
1231450275,WT_C57BL/6J,pAAV-AiE0882m-minBG-SYFP2-P2A-3XFLAG-10aa-H2B-WPRE3-BGHpA,MSN,RO
1258070224,WT_C57BL/6J,pAAV-AiE0600m_3xC1-minBG-SYFP2-WPRE3-BGHpA,Sst_Chodl,RO
1273878414,WT_C57BL/6J,pAAV-AiE0600m_3xC3-minBG-SYFP2-WPRE3-BGHpA,Sst_Chodl,RO
1216148694,WT_C57BL/6J,pAAV-ExE0638m-minBG-SYFP2-WPRE-BGHpA,Sst,RO
1275520444,WT_C57BL/6J,pAAV-AiE1250q-minBG-SYFP2-WPRE3-BGHpA,Cholinergic,RO
1200853216,WT_C57BL/6J,pAAV-AiE0451m-minBG-SYFP2-WPRE3-BGHpA,L5_ET,STX
1305729399,WT_C57BL/6J,pAAV-AiE0873m_3xC2-minBG-SYFP2-P2A-3XFLAG-10aa-H2B-WPRE3-BGHpA,Cholinergic,RO
1110041941,WT_C57BL/6J,pAAV-3xSP10ins-AiE0351h-minRho-SYFP2-WPRE3-BGHpA,MSN,RO
1155830590,WT_C57BL/6J,pAAV-AiE2133m-minBG-SYFP2-WPRE3-BGHpA,Endo,RO
1266655832,WT_CD-1_IGS,pAAV-AiE0390m-minBG-SYFP2-WPRE3-BGHpA,Astro,ICV
1310150929,WT_C57BL/6J,pAAV-AiE1087h-minBG-SYFP2-P2A-3XFLAG-10aa-H2B-WPRE3-BGHpA,Dopaminergic,RO
999743867,Ai193(TICL-EGFP-ICF-tdT)-hyg/wt,pAAV-AiE2010m-minBG-IRES2-iCre-HGHpA,L6_IT_Car3,RO
1264913076,WT_CD-1_IGS,pAAV-AiE2120m-minBG-SYFP2-WPRE3-BGHpA,Astro,ICV
1329673183,Ai14(RCL-tdT)/wt,pAAV-AiE0459m_3xC2-minBG-iCre(R297T)-BGHpA,L5_ET,RO
1379729293,WT_C57BL/6J,pAAV-AiE2356m-minBG-SYFP2-WPRE3-BGHpA,L6b,RO
1161994026,Rxfp1-P2A-Cre/wt,,L6_IT_Car3,
1163152553,WT_C57BL/6J,pAAV-AiE0381h-minBG-SYFP2-WPRE3-BGHpA,Astro,RO
1123199581,WT_C57BL/6J,pAAV-AiE0512h-minBG-SYFP2-WPRE3-BGHpA,Sst_Chodl,ICV
1221479456,WT_C57BL/6J,pAAV-AiE0878m-minBG-SYFP2-P2A-3XFLAG-10aa-H2B-WPRE3-BGHpA,MSN,RO
1216781804,WT_C57BL/6J,pAAV-AiE0738m-minBG-SYFP2-WPRE3-BGHpA,Cholinergic,RO
1084816119,WT_C57BL/6J,pAAV-AiE0453m-minBG-SYFP2-WPRE3-BGHpA,L5_ET,RO
1340924337,WT_C57BL/6J,pAAV-AiE1347m-minBG-SYFP2-P2A-3XFLAG-10aa-H2B-WPRE3-BGHpA,Dopaminergic,RO
1194374240,WT_C57BL/6J,pAAV-AiE0381h-minBG-SYFP2-WPRE3-BGHpA,Astro,RO
1163589768,Snap25-IRES2-Cre/wt;Slc17a7-IRES2-FlpO-neo/wt;Ai195(TIT2L-GC7s-ICF-IRES-tTA2)-hyg/wt,,Glutamatergic,
1174511914,WT_C57BL/6J,pAAV-AiE0770m-minBG-SYFP2-WPRE3-BGHpA,L6_IT_Car3,RO
982674304,Slc17a8-IRES2-Cre-neo/wt;Sncg-IRES2-FlpO/wt;Ai193(TICL-EGFP-ICF-tdT)-hyg/wt,,L5-6_NP | Sncg,
1298921962,WT_C57BL/6J,pAAV-hsA2-AiE0017h_3xC2-minRho-SYFP2-WPRE3-BGHpA,Sst,RO
1214719128,WT_C57BL/6J,pAAV-AiE1007h-minBG-SYFP2-P2A-3XFLAG-10aa-H2B-WPRE3-BGHpA,Sst,RO
1366267386,Ai14(RCL-tdT)/wt,pAAV-AiE0463m-minBG-iCre(R297T)-BGHpA,L5_ET,RO
1266182148,WT_CD-1_IGS,pAAV-AiE0641m-minBG-SYFP2-WPRE3-BGHpA,Oligo,ICV
1171614774,WT_C57BL/6J,pAAV-AiE0774m-minBG-SYFP2-WPRE3-BGHpA,L6_IT_Car3,RO
1345513176,WT_C57BL/6J,pAAV-AiE0452h_3xC2-minBG-ChR2(H134R)-EYFP-WPRE3-BGHpA,MSN_D2,RO
1394138347,Ai14(RCL-tdT)/wt,pAAV-AiE2564m-minBG-iCre(R297T)-BGHpA,L6_CT,RO
1267793984,WT_C57BL/6J,pAAV-AiE2334m-minBG-SYFP2-WPRE3-BGHpA,L6_IT_Car3,RO
1112210592,Ai193(TICL-EGFP-ICF-tdT)-hyg/wt,pAAV-AiE0476m-minBG-iCre-4X2C-WPRE3-BGHpA,Pvalb_ChC,RO
1224611524,WT_C57BL/6J,pAAV-AiE0390h_3xC2-minBG-SYFP2-WPRE3-BGHpA,Astro,RO
1217800035,WT_C57BL/6J,pAAV-AiE0457h-minBG-SYFP2-WPRE3-BGHpA,L5_ET,RO
1217802037,Ai193(TICL-EGFP-ICF-tdT)-hyg/wt,pAAV-AiE0779m_3xC2-minBG-iCre(R297T)-BGHpA,MSN_D1,RO
1309616105,WT_C57BL/6J,pAAV-AiE1128m-minBG-SYFP2-P2A-3XFLAG-10aa-H2B-WPRE3-BGHpA,Dopaminergic,RO
1247766819,Slc17a7-IRES2-FlpO-neo/wt;Ai227(TICF-NLS-EGFP-ICF-tdT-WPRE)-hyg/wt,,Glutamatergic,
1202422101,WT_C57BL/6J,pAAV-AiE0395h-minBG-SYFP2-WPRE3-BGHpA,Oligo,RO
1219688409,WT_C57BL/6J,pAAV-AiE0747m-minBG-SYFP2-WPRE3-BGHpA,Cholinergic,RO
1219090168,Ai14(RCL-tdT)/wt,pAAV-AiE0476m-minBG-inteinC-CreC-WPRE3-BGHpA | pAAV-AiE0475m-minBG-CreN-inteinN-WPRE3-BGHpA,Pvalb_ChC,RO
1173948335,Ai193(TICL-EGFP-ICF-tdT)-hyg/wt,pAAV-AiE2057m-minBG-iCre,L6_IT_Car3,RO
1230932770,WT_C57BL/6J,pAAV-hsA2-AiE0140h-minRho-SYFP2-4X2C-WPRE-HGHpA,Pvalb,RO
1081861579,Chodl-P2A-Cre/wt;Sst-IRES-FlpO/wt;Ai224(TICL-NLS-EGFP-ICF-NLS-dT)-hyg/wt,,Sst_Chodl,
818637733,Penk-IRES2-Cre-neo/wt;Slc17a7-IRES2-FlpO-neo/wt;Ai188(TA2T2L-EGFP-ICF-tTA2)-hyg/wt,,L6_IT,
1271310579,WT_C57BL/6J,pAAV-AiE0670m-minBG-SYFP2-WPRE3-BGHpA,L5_ET,RO
1377093248,Slc17a7-IRES2-FlpO-WPRE/wt;Ai65F(RCF-tdT)/wt,,Glutamatergic,
1084161861,Sst-IRES-FlpO/wt;Ai224(TICL-NLS-EGFP-ICF-NLS-dT)-hyg/wt,,Sst_Chodl,
1230749146,WT_C57BL/6J,pAAV-AiE0604m-minBG-SYFP2-WPRE3-BGHpA,L5_ET,RO
1290485230,WT_C57BL/6J,pAAV-AiE0078m_3xC2-minBG-SYFP2-WPRE3-BGHpA,L4_IT,RO
1271138425,WT_C57BL/6J,pAAV-AiE0665m-minBG-SYFP2-WPRE3-BGHpA,L5_ET,RO
993722923,Slc17a8-IRES2-Cre-neo/wt;Sncg-IRES2-FlpO/wt;Ai193(TICL-EGFP-ICF-tdT)-hyg/wt,,Sncg | L5-6_NP,
1363766167,WT_C57BL/6J,pAAV-EF1a-DIO-TdTomato-WPRE-HGHpA | pAAV-AiE2564m-minBG-iCre(R297T)-BGHpA,L6_CT,RO
1297153200,WT_C57BL/6J,pAAV-AiE2276m-minBG-SYFP2-WPRE3-BGHpA,Astro,RO
1123409612,WT_C57BL/6J,pAAV-AiE0600m-minBG-SYFP2-WPRE3-BGHpA,Sst_Chodl,RO
1242935172,WT_CD-1_IGS,pAAV-ExE0637m-minBG-SYFP2-WPRE-BGHpA,Sst_Chodl,ICV
1186707522,WT_C57BL/6J,pAAV-AiE0588m-minBG-SYFP2-WPRE3-BGHpA,Pvalb,RO
1196698339,WT_C57BL/6J,pAAV-AiE0475m-minBG-SYFP2-WPRE3-BGHpA,Pvalb_ChC,RO
1342117547,WT_C57BL/6J,pAAV-AiE1372m-minBG-SYFP2-P2A-3XFLAG-10aa-H2B-WPRE3-BGHpA,Serotonergic,RO
1224360223,WT_C57BL/6J,scAAV-AiE0031m-minBG-SYFP2-WPRE3-BGHpA,Pax6,RO
1264782012,Cplx3-P2A-FlpO/wt;Ai227(TICF-NLS-EGFP-ICF-tdT-WPRE)-hyg/wt,,L6b,
1125420580,WT_C57BL/6J,pAAV-AiE0078h-minBG-SYFP2-WPRE3-BGHpA,L4_IT,ICV
1217509412,WT_C57BL/6J,pAAV-AiE0784m-minBG-SYFP2-WPRE3-BGHpA,MSN_D2,RO
1189885752,WT_C57BL/6J,pAAV-AiE0226h_3xC3-minBG-SYFP2-4X2C-WPRE3-BGHpA,Sst,RO
1196174583,WT_C57BL/6J,pAAV-AiE0463m_3xC3-minBG-SYFP2-WPRE3-BGHpA,L5_ET,RO
1310862397,WT_C57BL/6J,pAAV-AiE1129m-minBG-SYFP2-P2A-3XFLAG-10aa-H2B-WPRE3-BGHpA,Dopaminergic,RO
1222721708,Ai193(TICL-EGFP-ICF-tdT)-hyg/wt,pAAV-AiE0682h-minBG-iCre(R297T)-BGHpA,Sst_Chodl,RO
796788767,Sst-IRES-Cre/wt;Chrna6-IRES2-FlpO-WPRE-neo/wt;Ai193(TICL-EGFP-ICF-tdT)-hyg/wt,,L5_ET_VISp_Chrna6 | Sst,
1369965895,WT_C57BL/6J,pAAV-AiE0452h-minBG-SYFP2-P2A-mScarlet-10aa-H2B-WPRE3-BGHpA,MSN_D2,RO
1259398498,WT_C57BL/6J,pAAV-AiE0682h_3xC1-minBG-SYFP2-WPRE3-BGHpA,Sst_Chodl,RO
740854173,Ai14(RCL-tdT)/Ai14(RCL-tdT),pAAV-AiE2004m-minBG-iCre-WPRE-HGHpA,L5_ET,RO
1114927044,Ai193(TICL-EGFP-ICF-tdT)-hyg/wt,pAAV-AiE0462m-minBG-iCre-HGHpA | pAAV-AiE0462m-minBG-FlpO-WPRE-HGHpA,L5_ET,RO
1364669239,WT_C57BL/6J,pAAV-AiE2316m-minBG-SYFP2-WPRE3-BGHpA,Serotonergic,RO
1251000468,WT_C57BL/6J,pAAV-AiE0452h-minBG-SYFP2_farnesyl-P2A-FLAG-NLS-SV40-dTomato-cmyc-NLS-WPRE3-BGHpA,MSN_D2,RO
1196423688,WT_C57BL/6J,pAAV-AiE0064h-minBG-SYFP2-WPRE3-BGHpA | pAAV-AiE0022h-minBG-SYFP2-WPRE3-BGHpA,Pvalb | Vip | Sst,RO
1272817216,WT_C57BL/6J,pAAV-AiE0693h-minBG-SYFP2-WPRE3-BGHpA,L5_ET,RO
1393656378,Ai14(RCL-tdT)/wt,pAAV-AiE0390h-minBG-iCre(R297T)-BGHpA,Astro,RO
1030079321,Snap25-IRES2-Cre/wt;Slc17a7-IRES2-FlpO-neo/wt;Ai224(TICL-NLS-EGFP-ICF-NLS-dT)-hyg/wt,,Glutamatergic,
1211563744,WT_C57BL/6J,pAAV-AiE0170h-minBG-SYFP2-WPRE3-BGHpA,Sst,RO
1336952351,WT_C57BL/6J,pAAV-AiE1368m-minBG-SYFP2-P2A-3XFLAG-10aa-H2B-WPRE3-BGHpA,Serotonergic,RO
877475235,Batf3-IRES2-FlpO-neo/wt;Ai65F(RCF-tdT)/wt,,L5_IT_VISp_Batf3,
1109835221,WT_C57BL/6J,pAAV-AiE2051m-minBG-SYFP2-WPRE3-BGHpA,L6_IT_Car3,RO
1301050980,WT_C57BL/6J,pAAV-AiE2581m-minBG-SYFP2-WPRE3-BGHpA,L6_CT,RO
1002971976,Slc17a7-IRES2-FlpO-neo/wt;Ai195(TIT2L-GC7s-ICF-IRES-tTA2)-hyg/wt,,Glutamatergic,
1395148138,Ai193(TICL-EGFP-ICF-tdT)-D/wt,pAAV-AiE0140h-minBG-iCre-4X2C-WPRE3-BGHpA | pAAV-AiE0140h-minBG-FlpO-4X2C-WPRE3-BGHpA,Pvalb,RO
1216985522,Ai193(TICL-EGFP-ICF-tdT)-hyg/wt,pAAV-AiE0682h-minBG-iCre-4X2C-WPRE3-BGHpA,Sst_Chodl,RO
1229621578,WT_C57BL/6J,pAAV-AiE0667m-minBG-SYFP2-WPRE3-BGHpA,L5_ET,RO
1282913915,WT_C57BL/6J,pAAV-AiE0459m_3xC2-minBG-SYFP2-WPRE3-BGHpA,L5_ET,RO
1267695363,WT_C57BL/6J,pAAV-AiE0019h-minBG-SYFP2-WPRE3-BGHpA,Lamp5,RO
1385562211,WT_C57BL/6J,pAAV-AiE0401h_3xC2-minBG-SYFP2-WPRE3-BGHpA,Oligo,RO
1229874850,WT_C57BL/6J,pAAV-AiE0696m-minBG-SYFP2-WPRE3-BGHpA,L5_ET,RO
1307528198,Ai193(TICL-EGFP-ICF-tdT)-hyg/wt,pAAV-AiE0779m_3xC2-minBG-FlpO-WPRE3-BGHpA,MSN_D1,RO
1332849400,WT_C57BL/6J,pAAV-AiE2543m-minBG-SYFP2-WPRE3-BGHpA,L2-3_IT,STX
1167393223,WT_C57BL/6J,pAAV-AiE0375m-minBG-SYFP2-WPRE3-BGHpA,Astro,RO
1157540834,Chodl-P2A-Cre/wt;Sst-IRES-FlpO/wt;Ai65(RCFL-tdT)/wt,pAAV-AiE0600m-minBG-SYFP2-WPRE3-BGHpA,Sst_Chodl,RO
1389523280,WT_C57BL/6J,pAAV-AiE0022h_3xC1-minBG-SYFP2-WPRE3-BGHpA,Vip,RO
1301791299,WT_C57BL/6J,pAAV-AiE0947m-minBG-SYFP2-P2A-3XFLAG-10aa-H2B-WPRE3-BGHpA,Pvalb,RO
1088974073,Chodl-P2A-Cre/wt;Sst-IRES-FlpO/wt;Ai224(TICL-NLS-EGFP-ICF-NLS-dT)-hyg/wt,,Sst_Chodl,
1186193546,WT_C57BL/6J,pAAV-AiE0457m-minBG-SYFP2-WPRE3-BGHpA,L5_ET,RO
1368385388,Ai14(RCL-tdT)/wt,pAAV-hsA2-AiE0128h-minRho-iCre(R297T)-BGHpA,Pvalb,RO
1223690784,WT_C57BL/6J,pAAV-AiE0486m-minBG-SYFP2-WPRE3-BGHpA,L6b,RO
1241172090,WT_C57BL/6J,pAAV-AiE0453m_3xC3-minBG-SYFP2-WPRE3-BGHpA,L5_ET,RO
1193025570,WT_C57BL/6J,pAAV-AiE0459m_3xC2-minBG-SYFP2-WPRE3-BGHpA,L5_ET,RO
1078554892,WT_C57BL/6J,pAAV-AiE0058m-minBG-SYFP2-WPRE3-BGHpA,L4_IT,RO
823818122,Ai65F(RCF-tdT)/wt;Ai140(TIT2L-GFP-ICL-tTA2),pAAV-AiE2016m-minBG-FlpO-WPRE-HGHpA | pAAV-AiE2004m-minBG-iCre-WPRE-HGHpA,L5_ET | L5_IT,RO
1370750958,WT_C57BL/6J,pAAV-AiE0463m_3xC3-minBG-SYFP2-WPRE3-BGHpA,L5_ET,RO
1220293560,WT_C57BL/6J,pAAV-AiE0385h-minBG-SYFP2-WPRE3-BGHpA,Astro,RO
1064019515,Snap25-IRES2-Cre/wt;Slc17a7-IRES2-FlpO-neo/wt;Ai211(TITL-ChrimsonR-tdT-Kv2.1-ICF-IRES-tTA2)-hyg/wt,,Glutamatergic,
1178379677,WT_C57BL/6J,pAAV-AiE0409h-minBG-SYFP2-WPRE3-BGHpA,Oligo,RO
1117813670,WT_C57BL/6J,pAAV-AiE0612h-minBG-SYFP2-WPRE3-BGHpA,MSN,RO
1394972508,Ai14(RCL-tdT)/wt,pAAV-AiE0671m_3xC2-minBG-iCre(R297T)-BGHpA,L4_IT,RO
1167089988,WT_C57BL/6J,pAAV-AiE0372m-minBG-SYFP2-WPRE3-BGHpA,Astro,RO
1184092335,WT_C57BL/6J,pAAV-AiE2146m-minBG-SYFP2-WPRE3-BGHpA,Endo,RO
1178437697,WT_C57BL/6J,pAAV-AiE0410h-minBG-SYFP2-WPRE3-BGHpA,Oligo,RO
1186928164,WT_C57BL/6J,pAAV-AiE0703m-minBG-SYFP2-WPRE3-BGHpA,Pvalb_ChC,RO
1271076878,WT_C57BL/6J,pAAV-AiE0662m-minBG-SYFP2-WPRE3-BGHpA,L5_ET,RO
1274281004,Snap25-IRES2-Cre/wt;Slc17a7-IRES2-FlpO-neo/wt;Ai224(TICL-NLS-EGFP-ICF-NLS-dT)-hyg/wt,,Glutamatergic,
1334705322,Ai14(RCL-tdT)/wt,pAAV-AiE0463m_3xC3-minBG-iCre(R297T)-BGHpA,L5_ET,RO
1269365567,Slco2a1-P2A-Cre/wt;Slc17a7-IRES2-FlpO-neo/wt;Ai224(TICL-NLS-EGFP-ICF-NLS-dT)-hyg/wt,,L5_ET,
1306590379,WT_C57BL/6J,pAAV-AiE2538m-minBG-SYFP2-P2A-mScarlet-10aa-H2B-WPRE3-BGHpA,Sncg,RO
1164131247,WT_C57BL/6J,pAAV-AiE0374m-minBG-SYFP2-WPRE3-BGHpA,Astro,RO
1184369762,WT_C57BL/6J,pAAV-AiE2134m-minBG-SYFP2-WPRE3-BGHpA,Endo,RO
1113683454,Ai193(TICL-EGFP-ICF-tdT)-hyg/wt,pAAV-AiE0451m-minBG-iCre-HGHpA | pAAV-AiE0451m-minBG-FlpO-WPRE-HGHpA,L5_ET,RO
1182745132,WT_C57BL/6J,pAAV-AiE0064h_3xC1-minBG-SYFP2-WPRE3-BGHpA,Pvalb,RO
1166683327,WT_C57BL/6J,pAAV-AiE0401h-minBG-SYFP2-WPRE3-BGHpA,Oligo,RO
1187399148,WT_C57BL/6J,pAAV-AiE0451m-minBG-SYFP2-WPRE3-BGHpA,L5_ET,STX
1294955611,WT_C57BL/6J,pAAV-AiE0859m_3xC2-minBG-SYFP2-P2A-3XFLAG-10aa-H2B-WPRE3-BGHpA,Cholinergic,RO
1306527483,WT_C57BL/6J,pAAV-AiE1008h-minBG-SYFP2-P2A-3XFLAG-10aa-H2B-WPRE3-BGHpA,Sst,RO
761814744,Slc17a7-IRES2-FlpO-neo/wt;Ai65F(RCF-tdT)/wt,,Glutamatergic,
1311898255,Ai14(RCL-tdT)/Ai14(RCL-tdT),pAAV-AiE2543m-minBG-iCre(R297T)-BGHpA | pAAV-EF1a-DIO-EGFP,L2-3_IT,RO_STX
1304615354,Ai14(RCL-tdT)/wt,pAAV-AiE2538m-minBG-iCre(R297T)-BGHpA,Sncg,RO
1217510475,WT_C57BL/6J,pAAV-AiE0468m-minBG-SYFP2-WPRE3-BGHpA,Sst_Chodl,RO
1299962059,WT_C57BL/6J,pAAV-AiE0779m_3xC2-minBG-SYFP2-P2A-mScarlet-10aa-H2B-WPRE3-BGHpA,MSN_D1,RO
1343923254,WT_C57BL/6J,pAAV-AiE1418m-minBG-SYFP2-P2A-3XFLAG-10aa-H2B-WPRE3-BGHpA,Pvalb_Pthlh,RO
1161800177,Rxfp1-P2A-Cre/wt,,L6_IT_Car3,
1301052721,WT_C57BL/6J,pAAV-hsA2Ins-AiE0140h-minBG-ChR2(CRC)-EYFP-WPRE3-BGHpA,Pvalb,RO
1256137782,WT_C57BL/6J,pAAV-AiE0888m_3xC5-minBG-ChR2(H134R)-EYFP-P2A-dTomato-WPRE3-BGHpA,Dopaminergic,RO
1216024077,WT_C57BL/6J,pAAV-ExE0637m-minBG-SYFP2-WPRE-BGHpA,Sst_Chodl,RO
1363889628,WT_C57BL/6J,pAAV-CamKIIa-DIO-SYFP2-WPRE3-BGHpA | pAAV-AiE2587m-minBG-iCre(R297T)-BGHpA,L6b,RO
1193651647,WT_C57BL/6J,pAAV-AiE2004m-minBG-SYFP2-WPRE3-BGHpA,L5_ET,STX
1231755987,WT_C57BL/6J,pAAV-3xSP10ins-AiE0354m-minRho-SYFP2-WPRE3-BGHpA,Vip,ICV
1226004222,WT_C57BL/6J,pAAV-AiE0404h-minBG-SYFP2-WPRE3-BGHpA,Oligo,RO
1245321984,Ai14(RCL-tdT)/wt,pAAV-AiE0450h-minBG-iCre(R297T)-BGHpA,MSN_D2,RO
1196174287,WT_C57BL/6J,pAAV-AiE0380h-minBG-SYFP2-WPRE3-BGHpA,Astro,RO
1331889472,WT_C57BL/6J,pAAV-AiE1190m-minBG-SYFP2-P2A-3XFLAG-10aa-H2B-WPRE3-BGHpA,MSN,RO
1284077112,WT_C57BL/6J,pAAV-AiE0359h_3xC3-minBG-SYFP2-WPRE3-BGHpA,Pvalb,RO
1363443707,WT_C57BL/6J,pAAV-AiE2569m-minBG-SYFP2-WPRE3-BGHpA,L2-3_IT,STX
1099236746,WT_C57BL/6J,pAAV-AiE0453m-minBG-SYFP2-WPRE3-BGHpA,L5_ET,RO
1226962150,WT_C57BL/6J,pAAV-AiE0459m_3xC2-minBG-SYFP2-WPRE3-BGHpA,L5_ET,RO
1162125845,WT_C57BL/6J,pAAV-AiE0377m-minBG-SYFP2-WPRE3-BGHpA,Astro,RO
1194860214,Ai193(TICL-EGFP-ICF-tdT)-hyg/wt,pAAV-AiE0050m_3xC2-minBG-iCre(R297T)-BGHpA,L4_IT,RO
1011082864,Slc17a8-IRES2-Cre-neo/wt;Sncg-IRES2-FlpO/wt;Ai193(TICL-EGFP-ICF-tdT)-hyg/wt,,L5-6_NP | Sncg,
1220291450,WT_C57BL/6J,pAAV-AiE2004m_3xC2-minCMV-SYFP2-WPRE3-BGHpA,L5_ET,RO
1363059404,WT_C57BL/6J,pAAV-AiE2330m-minBG-SYFP2-WPRE3-BGHpA,Dopaminergic,RO
1295154745,Ntsr1-Cre_GN220/wt;Ctxn3-IRES2-FlpO-neo/wt;Ai65(RCFL-tdT),,L6_CT_VISp_Ctxn3_Sla,
994746506,Slc17a8-IRES2-Cre-neo/wt;Sncg-IRES2-FlpO/wt;Ai193(TICL-EGFP-ICF-tdT)-hyg/wt,,Sncg | L5-6_NP,
1230748231,WT_C57BL/6J,pAAV-AiE0447h-minBG-SYFP2-WPRE3-BGHpA,MSN_D1,RO
1120448480,Chodl-P2A-Cre/wt;Sst-IRES-FlpO/wt;Ai65(RCFL-tdT)/wt,pAAV-AiE0682h-minBG-SYFP2-WPRE3-BGHpA,Sst_Chodl,RO
1213570060,WT_C57BL/6J,pAAV-AiE0453m-minBG-SYFP2-WPRE3-BGHpA,L5_ET,STX
1229095598,WT_C57BL/6J,pAAV-AiE0700m-minBG-SYFP2-WPRE3-BGHpA,L5_ET,RO
1093719567,Slc17a7-IRES2-FlpO-neo/wt;Ai211(TITL-ChrimsonR-tdT-Kv2.1-ICF-IRES-tTA2)-hyg/wt,,Glutamatergic,
1231871054,WT_C57BL/6J,pAAV-AiE0226h_3xC3-minBG-SYFP2-4X2C-WPRE3-BGHpA,Sst,ICV
1265702693,WT_CD-1_IGS,pAAV-AiE0401h-minBG-SYFP2-WPRE3-BGHpA,Oligo,ICV
1308058195,WT_C57BL/6J,pAAV-AiE1119m-minBG-SYFP2-P2A-3XFLAG-10aa-H2B-WPRE3-BGHpA,Dopaminergic,RO
1002971592,Slc17a7-IRES2-FlpO-neo/wt;Ai195(TIT2L-GC7s-ICF-IRES-tTA2)-hyg/wt,,Glutamatergic,
1200244566,WT_C57BL/6J,pAAV-AiE0397m-minBG-SYFP2-WPRE3-BGHpA,Oligo,RO
1184791703,WT_C57BL/6J,pAAV-AiE2169m-minBG-SYFP2-WPRE3-BGHpA,Pvalb_ChC,RO
1226761322,Ai14(RCL-tdT)/wt,pAAV-AiE0682h-minBG-iCre(R297T)-BGHpA,Sst_Chodl,RO
1254551785,WT_C57BL/6J,pAAV-AiE0620h-minBG-SYFP2-WPRE3-BGHpA,MSN_D2,RO
999268229,Ai193(TICL-EGFP-ICF-tdT)-hyg/wt,pAAV-AiE2010m-minBG-iCre-HGHpA,L6_IT_Car3,RO
1347588576,WT_C57BL/6J,pAAV-AiE2366m-minBG-SYFP2-WPRE3-BGHpA,Lamp5,STX
1127438790,WT_C57BL/6J,pAAV-AiE0759m-minBG-SYFP2-WPRE3-BGHpA,Sst,RO
1008573139,Ai193(TICL-EGFP-ICF-tdT)-hyg/wt,pAAV-AiE2004m-minBG-IRES2-iCre-HGHpA,L5_ET,RO
1294955937,Ntsr1-Cre_GN220/wt;Ctxn3-IRES2-FlpO-neo/wt;Ai65(RCFL-tdT),,L6_CT_VISp_Ctxn3_Sla,
1386845533,WT_C57BL/6J,pAAV-AiE2333m-minBG-SYFP2-WPRE3-BGHpA,L6_IT_Car3,STX
1372687946,WT_C57BL/6J,pAAV-AiE2182m_3xC2-minBG-tdTomato-WPRE3-BGHpA | pAAV-AiE0674m-minBG-SYFP2-WPRE3-BGHpA,L5_ET | L5_IT,RO
1000588711,Ai193(TICL-EGFP-ICF-tdT)-hyg/wt,pAAV-AiE2010m-minBG-iCre-HGHpA,L6_IT_Car3,RO
1164312979,WT_C57BL/6J,pAAV-AiE0385m-minBG-SYFP2-WPRE3-BGHpA,Astro,RO
1344457989,WT_C57BL/6J,pAAV-AiE1398m-minBG-SYFP2-P2A-3XFLAG-10aa-H2B-WPRE3-BGHpA,Cholinergic,RO
1220535287,WT_C57BL/6J,pAAV-AiE0374h-minBG-SYFP2-WPRE3-BGHpA,Astro,RO
1237143333,Slc17a7-IRES2-FlpO-neo/wt;Ai224(TICL-NLS-EGFP-ICF-NLS-dT)-hyg/wt,,Glutamatergic,
1227594004,WT_C57BL/6J,pAAV-AiE0947m-minBG-SYFP2-P2A-3XFLAG-10aa-H2B-WPRE3-BGHpA,Pvalb,RO
1223692314,WT_C57BL/6J,pAAV-AiE0620h-minBG-SYFP2-WPRE3-BGHpA,MSN_D2,RO
1197315927,WT_C57BL/6J,pAAV-AiE0957h-minBG-SYFP2-P2A-3XFLAG-10aa-H2B-WPRE3-BGHpA,MSN,RO
1269737003,WT_CD-1_IGS,pAAV-AiE0659m-minBG-SYFP2-WPRE3-BGHpA,Sncg,ICV
1163364250,Snap25-IRES2-Cre/wt;Slc17a7-IRES2-FlpO-neo/wt;Ai210(TITL-GC7f-ICF-IRES-tTA2)-hyg/wt,,Glutamatergic,
1363300708,Gal-Cre_KI87/wt,pAAV-AiE2051m_3xC2-minBG-SYFP2-WPRE3-BGHpA,L6_IT_Car3,STX
1380890399,WT_CD-1_IGS,pAAV-AiE2531m-minBG-SYFP2-WPRE3-BGHpA,Sncg,ICV
1181064132,WT_C57BL/6J,pAAV-hsA2-AiE0087h-minRho-SYFP2-WPRE3-BGHpA,Sst,RO
1231164380,WT_C57BL/6J,pAAV-AiE0957h-minBG-SYFP2-P2A-3XFLAG-10aa-H2B-WPRE3-BGHpA,MSN,RO
1279172570,WT_CD-1_IGS,pAAV-AiE0226h_3xC2-minBG-SYFP2-WPRE3-BGHpA,Sst,ICV
1327885995,WT_C57BL/6J,pAAV-AiE0362m-minBG-SYFP2-P2A-3XFLAG-10aa-H2B-WPRE3-BGHpA,L4_IT,STX
